﻿<?xml version="1.0" encoding="UTF-8"?>
  <monster name="Chakoya Tribewarden" tp="1" nameDescription="a Chakoya Tribewarden" race="blood" experience="40" speed="270" manacost="305">
    <health now="68" max="68"/>
    <look type="259" head="0" body="0" legs="0" feet="0" corpse="7320"/>
    <targetchange interval="60000" chance="0"/>
    <strategy attack="100" defense="0"/>
    <flags>
      <flag summonable="0"/>
      <flag attackable="1"/>
      <flag hostile="1"/>
      <flag illusionable="0"/>
      <flag convinceable="1"/>
      <flag pushable="0"/>
      <flag canpushitems="1"/>
      <flag staticattack="50"/>
      <flag lightlevel="0"/>
      <flag lightcolor="0"/>
      <flag targetdistance="1"/>
      <flag runonhealth="0"/>
    </flags>
    <attacks>
    <attack name="melee" interval="2000" skill="30" attack="30"/>
    </attacks>
    <defenses armor="30" defense="30">
    </defenses>
  <immunities>
    <immunity physical="0"/>
    <immunity energy="1"/>
    <immunity fire="0"/>
    <immunity poison="0"/>
    <immunity lifedrain="0"/>
    <immunity paralyze="0"/>
    <immunity outfit="0"/>
    <immunity drunk="0"/>
    <immunity invisible="0"/>
  </immunities>
    <voices interval="2000" chance="5">
      <voice sentence="Chikuva!"/>
      <voice sentence="Quisavu tukavi!"/>
      <voice sentence="Si siyoqua jamjam!"/>
      <voice sentence="Achuq! jinuma!"/>
      <voice sentence="Si ji jusipa!"/>
    </voices>
    <loot>
      <item id="2148" countmax="10" chance1="3333" chancemax="0"/>
      <item id="2671" countmax="1" chance1="10000" chancemax="0"/>
      <item id="2667" countmax="3" chance1="10000" chancemax="0"/>
      <item id="2541" chance="333"/>
      <item id="2398" chance="3000"/>
      <item id="7381" chance="600"/>
    </loot>
  </monster>
