<?xml version="1.0" encoding="UTF-8"?>
<monster name="crimson frog" nameDescription="a crimson frog" race="blood" experience="20" speed="230" manacost="305">
  <health now="60" max="60"/>
  <look type="226" head="94" body="78" legs="94" feet="78" corpse="6079"/>
  <targetchange interval="5000" chance="8"/>
  <strategy attack="100" defense="0"/>
  <flags>
    <flag summonable="1"/>
    <flag attackable="1"/>
    <flag hostile="1"/>
    <flag illusionable="0"/>
    <flag convinceable="0"/>
    <flag pushable="1"/>
    <flag canpushitems="0"/>
    <flag canpushcreatures="0"/>
    <flag staticattack="90"/>
    <flag targetdistance="1"/>
    <flag runonhealth="0"/>
  </flags>
<attacks>
    <attack name="melee" interval="2000" skill="3" attack="9"/>
</attacks>
  <defenses armor="8" defense="8"/>
  <immunities>
    <immunity physical="0"/>
    <immunity energy="0"/>
    <immunity fire="0"/>
    <immunity poison="0"/>
    <immunity lifedrain="0"/>
    <immunity paralyze="0"/>
    <immunity outfit="0"/>
    <immunity drunk="0"/>
    <immunity invisible="0"/>
  </immunities>
  <voices interval="5000" chance="10">
    <voice sentence="Ribbit!Ribbit!"/>
  </voices>
  <loot>
    <item id="2148" countmax="3" chance1="60000" chancemax="1321"/>
    <item id="3976" countmax="6" chance1="53500" chancemax="2120"/>
  </loot>
</monster>
