<?xml version="1.0" encoding="UTF-8"?>
<monster name="green frog" nameDescription="a green frog" race="VENOM" experience="0" speed="230" manacost="305">
  <health now="60" max="60"/>
  <look type="224" head="69" body="66" legs="69" feet="66" corpse="6079"/>
  <targetchange interval="5000" chance="20"/>
  <strategy attack="100" defense="0"/>
  <flags>
    <flag summonable="1"/>
    <flag attackable="1"/>
    <flag hostile="1"/>
    <flag illusionable="0"/>
    <flag convinceable="0"/>
    <flag pushable="1"/>
    <flag canpushitems="0"/>
    <flag canpushcreatures="0"/>
    <flag staticattack="90"/>
    <flag targetdistance="7"/>
    <flag runonhealth="60"/>
  </flags>
<attacks>
    <attack name="melee" interval="2000" skill="3" attack="9"/>
</attacks>
  <defenses armor="3" defense="2"/>
  <immunities>
    <immunity physical="0"/>
    <immunity energy="0"/>
    <immunity fire="0"/>
    <immunity poison="0"/>
    <immunity lifedrain="0"/>
    <immunity paralyze="0"/>
    <immunity outfit="0"/>
    <immunity drunk="0"/>
    <immunity invisible="0"/>
  </immunities>
  <voices interval="5000" chance="10">
    <voice sentence="Ribbit!"/>
  </voices>
</monster>
