﻿<?xml version="1.0" encoding="UTF-8"?>
<monster name="toad" nameDescription="a toad" race="blood" experience="60" speed="240" manacost="400">
  <health now="135" max="135"/>
  <look type="222" head="0" body="0" legs="0" feet="0" corpse="6077"/>
  <targetchange interval="5000" chance="8"/>
  <strategy attack="100" defense="0"/>
  <flags>
    <flag summonable="1"/>
    <flag attackable="1"/>
    <flag hostile="1"/>
    <flag illusionable="0"/>
    <flag convinceable="0"/>
    <flag pushable="1"/>
    <flag canpushitems="1"/>
    <flag canpushcreatures="0"/>
    <flag staticattack="90"/>
    <flag targetdistance="1"/>
    <flag runonhealth="20"/>
  </flags>

<attacks>
    <attack name="melee" interval="2000" min="-10" max="-30"/>
    <attack name="physical" interval="1000" chance="15" range="7" min="-5" max="-20">
      <attribute key="shootEffect" value="poison"/>
    </attack>
</attacks>
  <defenses armor="12" defense="10"/>

  <immunities>
    <immunity physical="0"/>
    <immunity energy="0"/>
    <immunity fire="0"/>
    <immunity poison="1"/>
    <immunity lifedrain="0"/>
    <immunity paralyze="0"/>
    <immunity outfit="0"/>
    <immunity drunk="0"/>
    <immunity invisible="0"/>
  </immunities>

  <voices interval="5000" chance="30"> 
    <voice sentence="Ribbit!Ribbit!"/>
  </voices>
  <loot>
    <item id="2148" countmax="12" chance1="60000" chancemax="1321"/>
    <item id="2666" countmax="2" chance1="12000" chancemax="2120"/>
    <item id="2667" countmax="1" chance1="10000" chancemax="0"/>
    <item id="2398" chance="7500"/>
    <item id="2382" chance="17000"/>
    <item id="2391" chance="400"/>
  </loot>
</monster>
