<?xml version="1.0" encoding="UTF-8"?>
<monster name="The Horned Fox" nameDescription="the Horned Fox" race="blood" experience="8000" speed="210" manacost="0">
  <health now="50000" max="50000"/>
  <look type="202" head="0" body="0" legs="0" feet="0" corpse="5983"/>
  <targetchange interval="5000" chance="8"/>
  <strategy attack="70" defense="10"/>
  <flags>
    <flag summonable="0"/>
    <flag attackable="1"/>
    <flag hostile="1"/>
    <flag illusionable="0"/>
    <flag convinceable="0"/>
    <flag pushable="0"/>
    <flag canpushitems="1"/>
    <flag canpushcreatures="1"/>
    <flag targetdistance="1"/>
    <flag staticattack="90"/>
    <flag runonhealth="0"/>
  </flags>
  <attacks>
    <attack name="melee" interval="2000" skill="50" attack="60"/>
    <attack name="physical" interval="1000" chance="25" range="7" min="-450" max="-750">
      <attribute key="shootEffect" value="bolt"/>
    </attack>
    <attack name="poisoncondition" interval="1000" chance="17" range="7" min="-450" max="-750">
      <attribute key="shootEffect" value="bolt"/>
    </attack>
  </attacks>
  <defenses armor="17" defense="16">
    <defense name="healing" interval="1000" chance="15" min="650" max="1075">
      <attribute key="areaEffect" value="redshimmer"/>
    </defense>
    <defense name="invisible" interval="1000" chance="10" duration="2000">
      <attribute key="areaEffect" value="blueshimmer"/>
    </defense>
  </defenses>
  <immunities>
    <immunity physical="0"/>
    <immunity energy="0"/>
    <immunity fire="0"/>
    <immunity poison="0"/>
    <immunity lifedrain="0"/>
    <immunity paralyze="0"/>
    <immunity outfit="1"/>
    <immunity drunk="1"/>
    <immunity invisible="1"/>
  </immunities>
  <summons maxSummons="6">
    <summon name="Minotaur Guard" interval="1000" chance="100" max="5"/>
    <summon name="Minotaur Mage" interval="1000" chance="100" max="5"/>
  </summons>
  <voices interval="5000" chance="10">
    <voice sentence="You will never get me!"/>
    <voice sentence="I'll be back!"/>
    <voice sentence="Catch me, if you can!"/>
    <voice sentence="Help me, boys!"/>
  </voices>
  <loot>
    <item id="2148" countmax="30" chance1="10000" chancemax="0"/>
    <item id="2410" countmax="2" chance1="5000" chancemax="0"/>
    <item id="2419" chance="10000"/>
    <item id="2510" chance="5000"/>
    <item id="2667" countmax="1" chance1="20000" chancemax="0"/>
    <item id="2647" chance="1818"/>
    <item id="2413" chance="2857"/>
    <item id="3976" countmax="10" chance1="5000" chancemax="0"/>
    <item id="5804" chance="99999999"/>
    <item id="1987" chance="10000">
      <inside>
        <item id="2189" chance="1333" /> -- wand of cosmic energy
        <item id="2207" chance="2000"/>
        <item id="2666" countmax="2" chance1="33333" chancemax="0"/>
        <item id="2379" chance="6666"/>
        <item id="2475" chance="1000"/>
        <item id="2397" chance="10000"/>
        <item id="2652" chance="2500"/>
        <item id="2478" chance="2857"/>
        <item id="2463" chance="1818"/>
      </inside>
    </item>
  </loot>
</monster>
