<?xml version="1.0" encoding="UTF-8"?>
<monster name="Dark Torturer" nameDescription="a Dark Torturer" race="blood" experience="4650" speed="285" manacost="0">
	<health now="7350" max="7350"/>
	<look type="234" corpse="6328"/>
	<targetchange interval="5000" chance="8"/>
	<strategy attack="100" defense="0"/>
	<flags>
		<flag summonable="0"/>
		<flag attackable="1"/>
		<flag hostile="1"/>
		<flag illusionable="1"/>
		<flag convinceable="0"/>
		<flag pushable="0"/>
		<flag canpushitems="1"/>
		<flag canpushcreatures="1"/>
		<flag targetdistance="1"/>
		<flag staticattack="90"/>
		<flag runonhealth="900"/>
	</flags>
	<attacks>
		<attack name="melee" interval="2000" skill="105" attack="120"/>
		<attack name="death" interval="1000" chance="12" length="8" spread="4" min="0" max="0">
			<attribute key="areaEffect" value="purplenote"/>
		</attack>
		<attack name="physical" interval="2000" chance="22" range="7" min="-90" max="-800">
			<attribute key="shootEffect" value="throwingknife"/>
		</attack>
	</attacks>
	<defenses armor="50" defense="60"/>
	<elements>
		<element energyPercent="55"/>
		<element earthPercent="60"/>
		<element icePercent="-15"/>
		<element holyPercent="-20"/>
		<element deathPercent="40"/>
	</elements>
	<immunities>
		<immunity fire="1"/>
		<immunity invisible="1"/>
	</immunities>
	<voices interval="5000" chance="10">
		<voice sentence="You like it, don't you?"/>
		<voice sentence="IahaEhheAie!"/>
	</voices>
	<loot>
		<item id="2148" countmax="100" chance1="100000" chancemax="0"/> --Gold Coins
		<item id="2148" countmax="100" chance1="100000" chancemax="0"/> --Gold Coins
		<item id="2152" countmax="4" chance1="50000" chancemax="0"/> --Platinum
		<item id="2671" countmax="5" chance1="33333" chancemax="0"/> --Hams
		<item id="6558" chance="14555" chancemax="0"/> --Concentrated Demonic Blood
		<item id="6558" chance="9555" chancemax="0"/> --Concentrated Demonic Blood
		<item id="6300" chance="3266"/> --Death Ring
		<item id="9971" chance="4050"/> --Gold ingot
		<item id="7368" chance1="5500" countmax="2"/> --Assassin star
		<item id="1987" chance="100000"> --Bag
			<inside>
				<item id="2513" chance="9999"/> --Battle Shield
		                <item id="2645" chance="1100"/> --Steel boots
				<item id="6500" chance="7500" chancemax="0"/> --Demonic Essence
				<item id="6500" chance="6555" chancemax="0"/> --D       E
				<item id="2557" chance="11000"/> --Carpenter Hammer
				<item id="2558" chance="13000"/> --Saw
				<item id="7388" chance="1150"/> --Vile Axe
				<item id="2470" chance="1000"/> --Golden Legs
				<item id="7412" chance="1050"/> -- Butcher's Axe
				<item id="5801" chance="3100"/> --Key Ring
				<item id="5480" chance="2188"/> --Cat's Paw
			</inside>
		</item>
	</loot>
</monster>
