<?xml version="1.0" encoding="UTF-8"?>
<monster name="Diabolic Imp" nameDescription="a Diabolic Imp" race="blood" experience="2900" speed="250" manacost="0">
  <health now="1950" max="1950"/>
  <look type="237" corpse="6364"/>
  <targetchange interval="5000" chance="8"/>
  <strategy attack="100" defense="0"/>
  <flags>
    <flag summonable="0"/>
    <flag attackable="1"/>
    <flag hostile="1"/>
    <flag illusionable="1"/>
    <flag convinceable="0"/>
    <flag pushable="0"/>
    <flag canpushitems="1"/>
    <flag canpushcreatures="1"/>
    <flag targetdistance="4"/>
    <flag staticattack="90"/>
    <flag runonhealth="300"/>
  </flags>
  <attacks>
    <attack name="melee" interval="2000" skill="70" attack="72"/>
    <attack name="fire" interval="1000" chance="10" range="7" radius="2" target="1" min="-300" max="-430">
      <attribute key="shootEffect" value="fire"/>
      <attribute key="areaEffect" value="firearea"/>
    </attack>
    <attack name="fire" interval="2000" chance="15" range="7" target="1" min="-100" max="-240">
      <attribute key="shootEffect" value="fire"/>
      <attribute key="areaEffect" value="fireattack"/>
    </attack>
  </attacks>
  <defenses armor="15" defense="15">
    <defense name="healing" interval="2000" chance="5" min="505" max="745">
      <attribute key="areaEffect" value="blueshimmer"/>
    </defense>
    <defense name="speed" interval="2000" chance="18" speedchange="520" duration="2000">
      <attribute key="areaEffect" value="redshimmer"/>
    </defense>
    <defense name="invisible" interval="3000" chance="20" duration="2000"> --each 4 sec invi duration 4 sec
      <attribute key="areaEffect" value="redshimmer"/>
    </defense>
  </defenses>
  <elements>
	<element earthPercent="50"/>
	<element icePercent="-10"/>
	<element holyPercent="-10"/>
	<element deathPercent="10"/>
  </elements>
  <immunities>
    <immunity fire="1"/>
    <immunity lifedrain="1"/>
    <immunity paralyze="1"/>
    <immunity invisible="1"/>
  </immunities>
  <voices interval="5000" chance="10">
    <voice sentence="Muahaha!"/>
    <voice sentence="He he he!"/>
  </voices>
  <loot>
    <item id="2148" countmax="85" chance1="100000" chancemax="0"/> --Gold Coins
	<item id="2148" countmax="40" chance1="100000" chancemax="0"/> --Gold Coins
	<item id="2148" countmax="75" chance1="100000" chancemax="0"/> --Gold Coins
	<item id="2152" countmax="7" chance1="6500" chancemax="0"/> --Platinum
	<item id="2050" chance="15000"/> --Torch
	<item id="6558" chance="11000"/> --Concentrated Demonic Blood
	<item id="6300" chance="9700"/> --Death Ring
    <item id="1987" chance="100000"> --Bag
      <inside>
        <item id="2548" chance="20000"/> --Pitchfork
	    <item id="6558" chance="13000"/> --^ ^ ^ ^ ^ ^ ^ ^ ^ ^ ^ ^ ^ 
		<item id="6529" countmax="5" chance1="5000" chancemax="0"/> --Infernal Bolts
        <item id="2185" chance="2500" /> -- necrotic rod
        <item id="5944" chance="5666"/> --Soul Orb
        <item id="7899" chance="1000"/> --Magma coat
        <item id="7900" chance="1300"/> --Magma Monocle
        <item id="6500" chance="5500" chancemax="0"/> --Demonic Essence
        <item id="2150" countmax="3" chance1="6000" chancemax="0"/> --Small Amethyst
        <item id="2165" chance="4400"/> --Stealth Ring
		<item id="2260" chance="14000"/> --Blank Rune
	    <item id="2260" chance="12000"/> --Blank Rune
      </inside>
	</item>
  </loot>
</monster>
