<?xml version="1.0" encoding="UTF-8"?>
<monster name="Lucifer" nameDescription="Lucifer" race="fire" experience="5000000" speed="5000" manacost="0">
<health now="1000000" max="1000000"/>
<look type="12" head="120" body="128" legs="121" feet="111" corpse="6068"/>
<targetchange interval="5000" chance="30"/>
<strategy attack="80" defense="20"/>

<flags>
	<flag summonable="0"/>
	<flag attackable="1"/>
	<flag hostile="1"/>
	<flag illusionable="0"/>
	<flag convinceable="0"/>
	<flag pushable="0"/>
	<flag canpushitems="1"/>
	<flag canpushcreatures="1"/>
	<flag targetdistance="1"/>
	<flag staticattack="85"/>
	<flag runonhealth="0"/>
</flags>

<attacks>
    <attack name="melee" interval="2000" skill="200" attack="200"/>
    <attack name="fire" interval="1000" chance="10" length="7" spread="0" min="-500" max="-3500">
        <attribute key="areaEffect" value="explosion"/>
    </attack>
	<attack name="death" interval="3000" chance="50" length="8" spread="0" min="-1500" max="-1500">
	<attribute key="areaEffect" value="mortarea"/>
    </attack>
	<attack name="physical" interval="2000" chance="100" target="0" radius="5" min="-1000" max="-1000">
	<attribute key="areaEffect" value="teleport"/>
    </attack>
	<attack name="ice" interval="4000" chance="26" radius="6" target="0" min="-1200" max="-1500">
	<attribute key="areaEffect" value="bigplants"/>
    </attack>
    <attack name="physical" interval="1000" chance="5" range="200" min="-1000" max="-2500">
      <attribute key="shootEffect" value="suddendeath"/>
    </attack>
	<attack name="fire" interval="1000" chance="5" range="7" radius="7" target="1" min="-1000" max="-2000">
	<attribute key="shootEffect" value="fire"/>
	<attribute key="areaEffect" value="firearea"/>
    </attack>
</attacks>

<defenses armor="35" defense="45"/>

<elements>
    <element icePercent="-50"/>
    <element energyPercent="35"/>
    <element deathPercent="-10"/>
</elements>

<immunities>
	<immunity fire="1"/>
</immunities>
<voices interval="5000" chance="10">
	<voice sentence="I might reward you for killing my brother ~ with a swift dead!" yell="1"/>
</voices>

<loot>
	<item id="2160" count="50" chance="1000000"/> --Gold
	<item id="2160" count="50" chance="1000000"/> -- Gold
	<item id="2160" countmax="50" chance1="800000" chancemax="100000"/> --crystal
	<item id="2147" countmax="100" chance1="7777777777"/> --ruby
	<item id="6132" chance="1000"/> --soft boots
	<item id="2514" chance="45000000"/> --mastermind shield
	<item id="9778" chance="12222"/> --yalahari mask
	<item id="2365" chance="100000000">
		<inside>
			<item id="2151" countmax="100" chance1="6500000" chancemax="5000000"/> --Talons
			<item id="2493" chance="1000000"/> --demon helmet
			<item id="6391" chance="1000000"/> --nightmare shield
			<item id="11138" chance="1000000"/> --nightmare doll
			<item id="2361" chance="1000000"/> --frozen starlight
			<item id="8918" chance="1000000"/> --spellbook
			<item id="12596" chance="1000000"/> --trophy
			<item id="2469" chance="50"/> --dragonlegs
			<item id="2353" chance="5000"/> --burning heart
		</inside>
	</item>
</loot>
</monster>

