<?xml version="1.0" encoding="UTF-8"?>
<monster name="Medusa" nameDescription="a medusa" race="blood" experience="4050" speed="240" manacost="0">
	<health now="4500" max="4500"/>
	<look type="330" corpse="10524"/>
	<targetchange interval="5000" chance="8"/>
	<strategy attack="100" defense="0"/>
	<flags>
		<flag summonable="0"/>
		<flag attackable="1"/>
		<flag hostile="1"/>
		<flag illusionable="0"/>
		<flag convinceable="0"/>
		<flag pushable="0"/>
		<flag canpushitems="1"/>
		<flag canpushcreatures="1"/>
		<flag targetdistance="1"/>
		<flag staticattack="90"/>
		<flag runonhealth="275"/>
	</flags>
	<attacks>
		<attack name="melee" interval="2000" skill="50" attack="100" poison="840"/>
		<attack name="lifedrain" interval="2000" chance="15" count="5" range="7" target="1" min="-21" max="-200">
			<attribute key="areaEffect" value="carniphila"/>
			<attribute key="shootEffect" value="earth"/>
		</attack>	
		<attack name="earth" interval="2000" chance="17" length="8" spread="3" min="-250" max="-350">
			<attribute key="areaEffect" value="smallplants"/>
		</attack>	
		<attack name="speed" interval="2000" chance="20" radius="5" target="0" speedchange="-600">
			<attribute key="areaEffect" value="poff"/>
		</attack>	
		<attack name="outfit" interval="2000" chance="18" range="7" item="3976" duration="4000">
			<attribute key="areaEffect" value="blueshimmer"/>
		</attack>		
	</attacks>
	<defenses armor="25" defense="25">
		<defense name="healing" interval="2000" chance="20" min="400" max="500">
			<attribute key="areaEffect" value="blueshimmer"/>
		</defense>
	</defenses>
	<elements>
		<element icePercent="20"/>
		<element firePercent="-10"/>
		<element energyPercent="-10"/>
	</elements>
	<immunities>
		<immunity earth="1"/>
		<immunity paralyze="1"/>
		<immunity invisible="1"/>
	</immunities>
	<voices interval="5000" chance="10">
		<voice sentence="You will ssuch a fine ssstatue!"/>
		<voice sentence="There isss no chhhanccce of esscape"/>
		<voice sentence="Are you tired or why are you moving thhat sslow"/>
	</voices>
	<loot>
    <item id="2143" chance="625" /><!-- white pearl -->
    <item id="2152" countmax="2" chance="57675" /><!-- platinum coin -->
    <item id="2148" countmax="100" chance="38200" /><!-- gold coin -->
    <item id="2148" countmax="84" chance="38200" /><!-- gold coin -->
    <item id="8473" chance="7860" /><!-- ultimate health potion -->
    <item id="8473" chance="3930" /><!-- ultimate health potion -->
    <item id="2149" countmax="3" chance="2925" /><!-- small emerald -->
    <item id="2476" chance="2800" /><!-- knight armor -->
    <item id="7590" chance="6300" /><!-- great mana potion -->
    <item id="7590" chance="3150" /><!-- great mana potion -->
    <item id="7413" chance="1800" /><!-- titan axe -->
    <item id="1987" chance="100000"><!-- bag -->
        <inside>
            <item id="11220" chance="11250" /><!-- strand of medusa hair -->
            <item id="7887" chance="4350" /><!-- terra amulet -->
            <item id="10219" chance="2150" /><!-- sacred tree amulet -->
            <item id="7884" chance="1200" /><!-- terra mantle -->
            <item id="9808" chance="850" /><!-- rusty armor -->
            <item id="2536" chance="4350" /><!-- medusa shield -->
            <item id="7885" chance="750" /><!-- terra legs -->
        </inside>
    </item>
</loot>
















</monster>
