<?xml version="1.0" encoding="UTF-8"?>
<monster name="ashmunrah" nameDescription="a ashmunrah" race="undead" experience="3100" speed="276" manacost="0">
  <health now="5000" max="5000"/>
  <look type="88" head="20" body="30" legs="40" feet="50" corpse="6031"/>
  <targetchange interval="5000" chance="8"/>
  <strategy attack="100" defense="0"/>
  <flags>
    <flag summonable="0"/>
    <flag attackable="1"/>
    <flag hostile="1"/>
    <flag illusionable="0"/>
    <flag convinceable="0"/>
    <flag pushable="0"/>
    <flag canpushitems="1"/>
    <flag canpushcreatures="1"/>
    <flag targetdistance="1"/>
    <flag staticattack="90"/>
    <flag runonhealth="0"/>
  </flags>
  <attacks>
    <attack name="melee" interval="2000" skill="150" attack="74" poison="165"/>
    <attack name="lifedrain" interval="1000" chance="8" range="1" min="-300" max="-500"/>
    <attack name="earth" interval="1000" chance="12" range="7" min="-300" max="-500">
      <attribute key="shootEffect" value="poison"/>
      <attribute key="areaEffect" value="poison"/>
    </attack>
    <attack name="speed" interval="1000" chance="25" range="7" speedchange="-850" duration="50000">
      <attribute key="areaEffect" value="redshimmer"/>
    </attack>
  </attacks>
  <defenses armor="25" defense="30">
    <defense name="healing" interval="1000" chance="20" min="200" max="400">
      <attribute key="areaEffect" value="blueshimmer"/>
    </defense>
    <defense name="invisible" interval="1000" chance="7" duration="2000">
      <attribute key="areaEffect" value="blueshimmer"/>
    </defense>
    <defense name="outfit" interval="1000" chance="3" monster="ancient scarab" duration="6000">
      <attribute key="areaEffect" value="blueshimmer"/>
    </defense>
  </defenses>
  <elements>
  <element holyPercent="-10"/>
  </elements>
  <immunities>
    <immunity earth="1"/>
    <immunity death="1"/>
    <immunity paralyze="1"/>
    <immunity invisible="1"/>
  </immunities>
  <summons maxSummons="5">
    <summon name="ancient scarab" interval="1000" chance="13" max="2"/>
    <summon name="green djinn" interval="1000" chance="12" max="3"/>
  </summons>
  <voices interval="5000" chance="10">
    <voice sentence="Ahhhh all those long years."/>
    <voice sentence="No mortal or undead will steal my secrets."/>
  </voices>
  <loot>
    <item id="2148" countmax="100" chance1="100000" chancemax="0"/> -- Gold
    <item id="4845" chance="2500"/> -- Silver Brooch
    <item id="1987" chance="100000">
      <inside>
        <item id="2148" countmax="45" chance1="100000" chancemax="0"/> -- Gold
        <item id="7590" chance="3000"/> -- GMP
		<item id="2164" chance="2000"/> -- Might Ring
		<item id="2487" chance="1500"/> -- Crown Armor
		<item id="2140" chance="1000"/> -- Holy Scarab
      </inside>
    </item>
  </loot>
</monster>
