<?xml version="1.0" encoding="UTF-8"?>
<monster name="Mahrdis" nameDescription="Mahrdis" race="fire" experience="3050" speed="280" manacost="0">
  <health now="3900" max="3900"/>
  <look type="89" head="20" body="30" legs="40" feet="50" corpse="6025"/>
  <targetchange interval="5000" chance="8"/>
  <strategy attack="100" defense="0"/>
  <flags>
    <flag summonable="0"/>
    <flag attackable="1"/>
    <flag hostile="1"/>
    <flag illusionable="0"/>
    <flag convinceable="0"/>
    <flag pushable="0"/>
    <flag canpushitems="1"/>
    <flag canpushcreatures="1"/>
    <flag targetdistance="1"/>
    <flag staticattack="90"/>
    <flag runonhealth="0"/>
  </flags>
  <attacks>
    <attack name="melee" interval="2000" skill="100" attack="90" poison="30"/>
    <attack name="fire" interval="1000" chance="10" radius="3" target="0" min="-150" max="-800">
      <attribute key="areaEffect" value="fireattack"/>
    </attack>
    <attack name="fire" interval="1000" chance="8" range="7" target="1" min="-300" max="-600">
      <attribute key="shootEffect" value="fire"/>
      <attribute key="areaEffect" value="firearea"/>
    </attack>
    <attack name="speed" interval="1000" chance="12" range="7" speedchange="-850" duration="50000">
      <attribute key="areaEffect" value="redshimmer"/>
    </attack>
    <attack name="firefield" interval="1000" chance="8" radius="5" target="0">
      <attribute key="areaEffect" value="yellowspark"/>
    </attack>
  </attacks>
  <defenses armor="25" defense="30">
    <defense name="healing" interval="1000" chance="20" min="20" max="800">
      <attribute key="areaEffect" value="blueshimmer"/>
    </defense>
  </defenses>
  <elements>
		<element icePercent="-10"/>
		<element holyPercent="-10"/>
		<element energyPercent="10"/>
  </elements>
  <immunities>
    <immunity death="1"/>
    <immunity fire="1"/>
    <immunity invisible="1"/>
  </immunities>
  <summons maxSummons="4">
    <summon name="fire elemental" interval="1000" chance="15"/>
  </summons>
  <voices interval="5000" chance="10">
    <voice sentence="Ashes to ashes!"/>
    <voice sentence="Fire, Fire!"/>
    <voice sentence="The eternal flame demands its due!"/>
    <voice sentence="Burnnnnnnnnn!"/>
    <voice sentence="May my flames engulf you!"/>
  </voices>
  <loot>
    <item id="2148" countmax="100" chance1="100000" chancemax="0"/> -- Gold
    <item id="2148" chance="2222"/> -- Life Ring
    <item id="2146" chance="1600"/> --Red Gem
    <item id="2353" chance="100000"/> --Burning Heart
    <item id="2148" countmax="30" chance1="100000" chancemax="0"/>
    <item id="1987" chance="100000">
      <inside>
        <item id="2148" countmax="100" chance1="100000" chancemax="0"/> -- Gold
        <item id="2141" chance="900"/> -- Holy Falcon
        <item id="2539" chance="1400"/> -- Phoenix Shield
        <item id="7591" chance="3000"/> -- Great Health Potion
        <item id="2432" chance="2300"/> -- Fire Axe
        <item id="2147" countmax="3" chance1="10000" chancemax="0"/> -- Small Ruby
</inside>
    </item>
  </loot>
</monster>
