<?xml version="1.0" encoding="UTF-8"?>
<monster name="vashresamun" nameDescription="a vashresamun" race="undead" experience="2945" speed="310" manacost="0">
  <health now="4000" max="4000"/>
  <look type="90" head="20" body="30" legs="40" feet="50" corpse="6025"/>
  <targetchange interval="5000" chance="8"/>
  <strategy attack="100" defense="0"/>
  <flags>
    <flag summonable="0"/>
    <flag attackable="1"/>
    <flag hostile="1"/>
    <flag illusionable="0"/>
    <flag convinceable="0"/>
    <flag pushable="0"/>
    <flag canpushitems="1"/>
    <flag canpushcreatures="1"/>
    <flag targetdistance="1"/>
    <flag staticattack="90"/>
    <flag runonhealth="0"/>
  </flags>
  <attacks>
    <attack name="melee" interval="2000" skill="70" attack="55" poison="65"/>
    <attack name="lifedrain" interval="2000" chance="16" range="1" min="-90" max="-750">
      <attribute key="areaEffect" value="redshimmer"/>
    </attack>
    <attack name="death" interval="1000" chance="12" radius="5" target="0" min="-150" max="-600">
      <attribute key="areaEffect" value="purplenote"/>
    </attack>
  </attacks>
  <defenses armor="20" defense="30">
    <defense name="healing" interval="1000" chance="20" min="250" max="450">
      <attribute key="areaEffect" value="blueshimmer"/>
    </defense>
     <defense name="speed" interval="1000" chance="12" range="7" speedchange="350" duration="30000">
      <attribute key="areaEffect" value="redshimmer"/>
    </defense>
  </defenses>
  <elements>
  <element firePercent="20"/>
    <element earthPercent="20"/>
	  <element icePercent="20"/>
	    <element energyPercent="20"/>
    </elements>
  <immunities>
    <immunity death="1"/>
    <immunity invisible="1"/>
	<immunity lifedrain="1"/>
  </immunities>
  <summons maxSummons="3">
    <summon name="banshee" interval="1000" chance="12"/>
  </summons>
  <voices interval="5000" chance="10">
    <voice sentence="Come my maidens, we have visitors!"/>
    <voice sentence="Are you enjoying my music?"/>
    <voice sentence="If music is the food of death, drop dead."/>
  </voices>
  <loot>
    <item id="2148" countmax="100" chance1="100000" chancemax="0"/> --Gold
    <item id="7590" chance="2000"/> --GMP
    <item id="2646" chance="4000"/> --Blue Robe
	<item id="2349" chance="2349"/> --Blue Note
    <item id="1987" chance="100000">
      <inside>
        <item id="2148" countmax="100" chance1="100000" chancemax="0"/> --Gold
        <item id="2445" chance="1222"/> --Crystal Mace
        <item id="2139" chance="1333"/> --Ancient Tiara
      </inside>
    </item>
  </loot>
</monster>
