﻿<?xml version="1.0" encoding="UTF-8"?>
<monster name="betrayed wraith" nameDescription="a betrayed wraith" race="undead" experience="3500" speed="270" manacost="0">
  <health now="4200" max="4200"/>
  <look type="233" corpse="6316"/>
  <targetchange interval="5000" chance="8"/>
  <strategy attack="100" defense="0"/>
  <flags>
    <flag summonable="0"/>
    <flag attackable="1"/>
    <flag hostile="1"/>
    <flag illusionable="1"/>
    <flag convinceable="0"/>
    <flag pushable="0"/>
    <flag canpushitems="1"/>
    <flag canpushcreatures="1"/>
    <flag targetdistance="1"/>
    <flag staticattack="90"/>
    <flag runonhealth="0"/>
  </flags>
  <attacks>
    <attack name="melee" interval="2000" skill="90" attack="95"/>

    <attack name="earth" interval="2000" chance="20" length="5" spread="3" min="-100" max="-350">
      <attribute key="areaEffect" value="yellowbubble"/>
	</attack>

	<attack name="speed" interval="1000" chance="12" range="1" target="1" speedchange="-750" duration="6000">
	<attribute key="areaEffect" value="mortarea"/>
	</attack>

  </attacks>
  <defenses armor="15" defense="15">

    <defense name="healing" interval="1000" chance="30" min="150" max="290">
      <attribute key="areaEffect" value="blueshimmer"/>
    </defense>

    <defense name="invisible" interval="4000" chance="50" duration="4000">
      <attribute key="areaEffect" value="redshimmer"/>
    </defense>

    <defense name="speed" interval="1000" chance="12" speedchange="360" duration="3000">
      <attribute key="areaEffect" value="redshimmer"/>
    </defense>
  </defenses>

  <immunities>
    <immunity death="1"/>
    <immunity energy="1"/>
    <immunity fire="1"/>
    <immunity poison="1"/>
    <immunity lifedrain="1"/>
    <immunity paralyze="1"/>
    <immunity invisible="1"/>
  </immunities>
  
  <elements>
	<element icePercent="50"/>
	<element holyPercent="-20"/>
  </elements>

  <voices interval="5000" chance="10">
    <voice sentence="Rrrah!"/>
  </voices>

   <loot>
	<item id="2148" chance1="100000" countmax="100" /> -- gold coin
	<item id="2148" chance1="100000" countmax="100" /> -- gold coin
	<item id="2148" chance1="100000" countmax="100" /> -- gold coin
	<item id="2152" chance1="40000" countmax="4" /> -- Platinum Coin
	<item id="7365" chance1="5500" countmax="6" /> -- Onyx Arrow
	<item id="7590" chance="7000"/> --great mana potion
	<item id="2394" chance="14000"/> -- morning star
	<item id="5799" chance="800"/> -- Golden Figurine
	<item id="2173" chance="900"/> -- aol
	<item id="1987" chance="100000"> --Bag
		<inside>
			<item id="6558" chance="2222"/> -- concentrated demonic blood
			<item id="2387" chance="13500"/> -- double axe
			<item id="7364" chance="5500" countmax="4" /> -- Sniper Arrow
			<item id="2226" chance="10000" /> -- fishbone
			<item id="5741" chance="2500"/> -- skullhelm
			<item id="7416" chance="850"/> -- Bloody Edge
			<item id="2145" chance1="6222" countmax="3" /> -- small diamond
			<item id="3976" chance1="4333" countmax="2" /> -- Soul Orb
		</inside>
	</item>
   </loot>
</monster>
