﻿<?xml version="1.0" encoding="UTF-8"?>
<monster name="lost soul" nameDescription="a lost soul" race="undead" experience="4000" speed="280" manacost="0">
  <health now="8500" max="8500"/>
  <look type="232" corpse="6310"/>
  <targetchange interval="5000" chance="8"/>
  <strategy attack="100" defense="0"/>
  <flags>
    <flag summonable="0"/>
    <flag attackable="1"/>
    <flag hostile="1"/>
    <flag illusionable="1"/>
    <flag convinceable="0"/>
    <flag pushable="0"/>
    <flag canpushitems="1"/>
    <flag canpushcreatures="1"/>
    <flag targetdistance="1"/>
    <flag staticattack="90"/>
    <flag runonhealth="0"/>
  </flags>
  <attacks>
    <attack name="melee" interval="2000" skill="85" attack="95"/>

    <attack name="lifedrain" interval="1000" chance="13" radius="4" target="0" min="-150" max="-250">
      <attribute key="areaEffect" value="smallclouds"/>
	</attack>

	<attack name="speed" interval="2000" chance="18" radius="6" target="0" speedchange="-600" duration="7000">
	<attribute key="areaEffect" value="redshimmer"/>
	</attack>

   </attacks>
  <defenses armor="35" defense="35">
    <defense name="speed" interval="1000" chance="35" speedchange="370" duration="30000">
      <attribute key="areaEffect" value="redshimmer"/>
    </defense>
  </defenses>
  	<elements>
		<element energyPercent="10"/>
		<element earthPercent="50"/>
		<element holyPercent="-20"/>
	</elements>
  <immunities>
    <immunity fire="1"/>
    <immunity poison="1"/>
    <immunity death="1"/>
    <immunity paralyze="1"/>
    <immunity invisible="1"/>
  </immunities>
  <voices interval="5000" chance="30">
    <voice sentence="Forgive Meeeee!"/>
    <voice sentence="Mouuuurn meeee!"/>
  </voices>
  <loot>
    <item id="2148" chance1="100000" countmax="100" /> -- gold coin
    <item id="2148" chance1="100000" countmax="100" /> -- gold
	<item id="2148" chance1="100000" countmax="100" /> -- Gold
	<item id="2152" chance1="59000" countmax="3" /> --Platinums	
	<item id="2227" chance="20000" /> -- rotten meat
	<item id="2260" chance="10000" /> -- blank rune
	<item id="2480" chance="6667" /> -- legion helmet
	<item id="5806" chance="1000" /> -- silver goblet
	<item id="1987" chance="100000" > -- bag
	  <inside>
		<item id="2463" chance="3933" /> -- skull staff
		<item id="2483" chance="10000" /> -- scale armor
		<item id="7413" chance="900" /> -- titan axe
		<item id="6526" chance="2300" /> -- skeleton decoration
		<item id="5801" chance="2738" /> -- key ring
		<item id="2197" chance="2500" countmax="5" /> -- ssa
      </inside>
	</item>
  </loot>
</monster>
