<?xml version="1.0" encoding="UTF-8"?>
<monster name="Ghastly Dragon" nameDescription="a ghastly dragon" race="undead" experience="4600" speed="410" manacost="0">
<health now="7800" max="7800"/>
<look type="351" corpse="6306"/>
<targetchange interval="5000" chance="8"/>
<strategy attack="100" defense="0"/>
<flags>
	<flag summonable="0"/>
	<flag attackable="1"/>
	<flag hostile="1"/>
	<flag illusionable="1"/>
	<flag convinceable="0"/>
	<flag pushable="0"/>
	<flag canpushitems="1"/>
	<flag canpushcreatures="1"/>
	<flag targetdistance="1"/>
	<flag staticattack="90"/>
	<flag runonhealth="366"/>
	</flags>
		<attacks>
			<attack name="melee" interval="2000" skill="92" attack="100" poison="1200"/>
			<attack name="poisoncondition" interval="2000" chance="5" target="1" range="7" min="-350" max="-700">
				<attribute key="shootEffect" value="poison"/>
				<attribute key="areaEffect" value="poison"/>
			</attack>
			<attack name="lifedrain" interval="2000" chance="15" range="7" target="1" min="-150" max="-250">
			<attribute key="areaEffect" value="redshimmer"/>
			</attack>	
			<attack name="physical" interval="2000" chance="9" range="7" target="1" min="-2" max="-500">
				<attribute key="shootEffect" value="suddendeath"/>
				<attribute key="areaEffect" value="mortarea"/>
			</attack>
		<attack name="physical" interval="2000" chance="11" radius="4" min="-0" max="-180">
		<attribute key="shootEffect" value="suddendeath"/>
		<attribute key="areaEffect" value="mortarea"/>
		</attack>
		<defense name="speed" interval="2000" chance="10" speedchange="550" duration="5000">
			<attribute key="areaEffect" value="redshimmer"/>
		</defense>		
		</attacks>
		<defenses armor="45" defense="35"/>
		<elements>
		<element firePercent="-10"/>
		<element icePercent="-10"/>
		<element physicalPercent="-10"/>
		<element holyPercent="-15"/>
		<element energyPercent="-10"/>
		</elements>
		<immunities>
		<immunity paralyze="1"/>
		<immunity invisible="1"/>
		</immunities>
		<voices interval="5000" chance="10">
		<voice sentence="EMBRACE MY GIFTS!" yell="1"/>
		<voice sentence="I WILL FEAST ON YOUR SOUL!" yell="1"/>
		</voices>
		<loot>
    <item id="11360" chance="6850" /><!-- ghastly dragon head -->
    <item id="8473" chance="5125" /><!-- ultimate health potion -->
    <item id="11362" chance="1150" /><!-- jade hat -->
    <item id="5944" chance="13025" /><!-- soul orb -->
    <item id="11317" chance="8200" /><!-- zaoan halberd -->
    <item id="8472" chance="3375" /><!-- great spirit potion -->
    <item id="2152" countmax="2" chance="23550" /><!-- platinum coin -->
    <item id="11295" chance="1225" /><!-- zaoan armor -->
    <item id="7591" chance="10050" /><!-- great health potion -->
    <item id="11361" chance="21300" /><!-- undead heart -->
    <item id="2148" countmax="100" chance="43675" /><!-- gold coin -->
    <item id="2148" countmax="100" chance="43675" /><!-- gold coin -->
    <item id="2148" countmax="68" chance="43675" /><!-- gold coin -->
    <item id="6500" chance="9475" /><!-- demonic essence -->
    <item id="9808" chance="3500" /><!-- rusty armor -->
    <item id="1987" chance="100000"><!-- bag -->
        <inside>
            <item id="11298" chance="1675" /><!-- zaoan legs -->
            <item id="11303" chance="6175" /><!-- twin hooks -->
            <item id="11299" chance="1150" /><!-- drakinata -->
            <item id="11349" chance="1175" /><!-- spellweaver's robe -->
            <item id="11221" chance="1350" /><!-- shiny stone -->
            <item id="11234" chance="650" /><!-- guardian boots -->
            <item id="11301" chance="575" /><!-- zaoan sword -->
            <item id="11297" chance="1500" /><!-- zaoan shoes -->
            <item id="11296" chance="650" /><!-- zaoan helmet -->
        </inside>
    </item>
</loot>















</monster>