<?xml version="1.0" encoding="UTF-8"?>
<monster name="Gnarlhound" nameDescription="a gnarlhound" race="blood" experience="6000" speed="500" manacost="0">
<health now="10000" max="10000"/>
<look type="341" corpse="11241"/>
<targetchange interval="5000" chance="8"/>
<strategy attack="100" defense="0"/>
<flags>
<flag summonable="465"/>
<flag attackable="1"/>
<flag hostile="1"/>
<flag illusionable="1"/>
<flag convinceable="0"/>
<flag pushable="0"/>
<flag canpushitems="1"/>
<flag canpushcreatures="0"/>
<flag targetdistance="1"/>
<flag staticattack="90"/>
<flag runonhealth="0"/>
</flags>
	<attacks>
		<attack name="melee" interval="2000" skill="70" attack="70"/>
		<attack name="physical" interval="2000" chance="50" range="7" min="-500" max="-600">
			<attribute key="shootEffect" value="arrow"/>
		</attack>
<attack name="physical" interval="3000" chance="25" length="8" spread="3" min="-450" max="-850">
			<attribute key="areaEffect" value="bluebubble"/>
		</attack>
	</attacks>
	<defenses armor="1" defense="3"/>
<elements>
<element physicalPercent="0"/>
<element holyPercent="0"/>
<element deathPercent="-5"/>
<element energyPercent="5"/>
<element icePercent="0"/>
<element earthPercent="0"/>
<element firePercent="5"/>
</elements>
<voices interval="5000" chance="10">
<voice sentence="Gnarlll!"/>
<voice sentence="Grrrrrr!"/>
</voices>
	<loot>
		<item id="2666" countmax="3" chance="46000"/>
		<item id="3976" countmax="3" chance="46000"/>
		<item id="11317" countmax="1" chance="2250"/>
	</loot>
</monster>
