﻿<?xml version="1.0" encoding="UTF-8"?>
<monster name="golden knight" nameDescription="a golden knight" race="blood" experience="20000" speed="740" manacost="0">
  <health now="20000" max="20000"/>
  <look type="134" head="94" body="114" legs="114" feet="94" addons="3" corpse="6080"/>
  <targetchange interval="5000" chance="8"/>
  <strategy attack="100" defense="0"/>
  <flags>
    <flag summonable="0"/>
    <flag attackable="1"/>
    <flag hostile="1"/>
    <flag illusionable="0"/>
    <flag convinceable="0"/>
    <flag pushable="0"/>
    <flag canpushitems="1"/>
    <flag canpushcreatures="1"/>
    <flag targetdistance="1"/>
    <flag staticattack="90"/>
    <flag runonhealth="0"/>
  </flags>
  <attacks>
    <attack name="melee" interval="2000" skill="50" attack="80"/>
    <attack name="physical" interval="2000" chance="50" range="7" min="-650" max="-1045">
      <attribute key="shootEffect" value="spear"/>
    </attack>
<attack name="melee" interval="2000" chance="30" range="10" radius="3" target="0" min="-730" max="-1255">
  <attribute key="areaEffect" value="blackspark"/>
</attack>
  </attacks>
  <defenses armor="25" defense="30"/>
    <elements>
  <element firePercent="95"/>
	  <element energyPercent="80"/>
	    <element deathPercent="20"/>
		  <element physicalPercent="25"/>
		    <element holyPercent="-10"/>
	</elements>
  <immunities>
    <immunity physical="0"/>
    <immunity energy="1"/>
    <immunity fire="1"/>
    <immunity poison="1"/>
    <immunity lifedrain="0"/>
    <immunity paralyze="1"/>
    <immunity outfit="1"/>
    <immunity drunk="1"/>
    <immunity invisible="1"/>
  </immunities>
  <voices interval="5000" chance="10">
    <voice sentence="MINE!" yell="1"/>
    <voice sentence="NO PRISONERS!" yell="1"/>
    <voice sentence="NO MERCY!" yell="1"/>
    <voice sentence="By Bolg's Blood!"/>
    <voice sentence="You're no match for me!"/>
  </voices>
  <loot>


    <item id="2389" countmax="1" chance1="2000" chancemax="0"/>
     <item id="2477" chance="10000"/>
        <item id="2691" countmax="2" chance="20000"/>
        <item id="2478" chance="130000"/>
        <item id="2475" countmax="1" chance="200000"/>
        <item id="2463" chance="200500"/>
        <item id="2148" countmax="15" chance1="100000" chancemax="0"/>
        <item id="2120" chance="200000"/>
        <item id="2387" chance="666006"/>
        <item id="2377" chance="285007"/>
        <item id="8850" chance="10000"/>
        <item id="2472" chance="10000"/>
        <item id="2195" chance="55005"/>
<item id="5884" chance="1000000"/>
        <item id="2133" countmax="1" chance="800"/>
      
    
  </loot>
</monster>
