<?xml version="1.0" encoding="UTF-8"?>
<monster name="Killer Caiman" nameDescription="a kller caiman" race="blood" experience="800" speed="240" manacost="350">
	<health now="1500" max="1500"/>
	<look type="119" corpse="6046"/>
	<targetchange interval="5000" chance="8"/>
	<strategy attack="100" defense="0"/>
	<flags>
		<flag summonable="1"/>
		<flag attackable="1"/>
		<flag hostile="1"/>
		<flag illusionable="1"/>
		<flag convinceable="1"/>
		<flag pushable="0"/>
		<flag canpushitems="1"/>
		<flag canpushcreatures="1"/>
		<flag targetdistance="1"/>
		<flag staticattack="90"/>
		<flag runonhealth="10"/>
	</flags>
	<attacks>
		<attack name="melee" interval="2000" skill="50" attack="90"/>
				<attack name="speed" interval="1000" chance="10" radius="5" target="0" duration="12000" speedchange="-560">
			<attribute key="areaEffect" value="poff"/>
		</attack>
	</attacks>
	<defenses armor="25" defense="25"/>
	<elements>
		<element earthPercent="20"/>
		<element icePercent="10"/>
		<element energyPercent="-5"/>
		<element physicalPercent="5"/>
	</elements>
		<immunities>
		<immunity invisible="1"/>
	</immunities>
	<loot>
		<item id="2148" countmax="15" chance="17500"/><!-- gold coin -->
		<item id="2671" countmax="2" chance="15000"/><!-- ham -->
		<item id="2666" countmax="4" chance="20000"/><!-- meat -->
		<item id="11189" chance="4250"/>
		<item id="3982" chance="400"/><!-- crocodile boots -->
		<item id="2179" chance="400"/>
		<item id="11238" countmax="2" chance="400"/><!-- meat -->
	</loot>
</monster>
