<?xml version="1.0" encoding="UTF-8"?>
<monster name="Lady Summoner" nameDescription="Lady Summoner" race="fire" experience="20000" speed="760" manacost="0">
	<health now="30000" max="30000"/>
        <look type="149" head="94" body="77" legs="96" feet="0" addons="3" corpse="6081"/>
	<targetchange interval="2000" chance="10"/>
	<strategy attack="70" defense="10"/>
	<flags>
		<flag summonable="0"/>
		<flag attackable="1"/>
		<flag hostile="1"/>
		<flag illusionable="0"/>
		<flag convinceable="0"/>
		<flag pushable="0"/>
		<flag canpushitems="1"/>
		<flag canpushcreatures="1"/>
		<flag targetdistance="1"/>
		<flag runonhealth="0"/>
	</flags>
	<attacks>
		<attack name="melee" interval="2000" skill="100" attack="100"/>
		<attack name="manadrain" interval="2000" chance="10" range="7" min="-300" max="-700"/>
		<attack name="manadrain" interval="2000" chance="10" radius="5" target="0" min="-150" max="-350">
			<attribute key="areaEffect" value="poison"/>
		</attack>
	
		<attack name="fire" interval="2000" chance="15" range="7" radius="7" target="1" min="-900" max="-1100">
			<attribute key="shootEffect" value="fire"/>
			<attribute key="areaEffect" value="firearea"/>
		</attack>
		<attack name="firefield" interval="2000" chance="30" range="7" radius="4" target="1">
			<attribute key="shootEffect" value="fire"/>
		</attack>
		<attack name="energy" interval="2000" chance="35" length="8" spread="0" min="-500" max="-900">
			<attribute key="areaEffect" value="energy"/>
		</attack>
	</attacks>
	<defenses armor="90" defense="111">
		<defense name="healing" interval="1000" chance="9" min="1500" max="2500">
			<attribute key="areaEffect" value="blueshimmer"/>
		</defense>
		<defense name="healing" interval="1000" chance="17" min="600" max="1000">
			<attribute key="areaEffect" value="blueshimmer"/>
		</defense>
		<defense name="speed" interval="1000" chance="5" speedchange="1901" duration="7000">
			<attribute key="areaEffect" value="redshimmer"/>
		</defense>
	</defenses>
	<elements>
		<element firePercent="100"/>
		<element earthPercent="100"/>
		<element deathPercent="50"/>
		<element icePercent="-20"/>
		<element holyPercent="-25"/>
	</elements>
	<immunities>
		<immunity lifedrain="1"/>
		<immunity paralyze="1"/>
		<immunity invisible="1"/>
	</immunities>
	<summons maxSummons="0">
		<summon name="juggernaut" interval="1000" chance="50" max="4"/>
	</summons>
	<voices interval="5000" chance="10">
		<voice sentence="PRAISED BE MY MASTERS, THE RUTHLESS SEVEN!" yell="1"/>
		<voice sentence="YOU ARE DOOMED!" yell="1"/>
		<voice sentence="ORSHABAAL IS BACK!" yell="1"/>
		<voice sentence="Be prepared for the day my masters will come for you!"/>
		<voice sentence="SOULS FOR ORSHABAAL!" yell="1"/>
	</voices>
	<loot capacity="5000">
		<item id="2142" countmax="1" chance="3500"/>
		<item id="2144" countmax="15" chance="15000"/>
		<item id="2158" countmax="1" chance="1500"/>
		<item id="2195" countmax="1" chance="4000"/>
		<item id="2186" countmax="1" chance="3500"/>
		<item id="2192" countmax="1" chance="2500"/>
		<item id="2125" countmax="1" chance="1500"/>
		<item id="2124" countmax="1" chance="5500"/>
		<item id="2520" countmax="1" chance="15500"/>
		<item id="2462" countmax="1" chance="11000"/>
		<item id="2387" countmax="1" chance="20000"/>
		<item id="2434" countmax="1" chance="4500"/>
		<item id="2167" countmax="1" chance="13500"/>
		<item id="2432" countmax="1" chance="17000"/>
		<item id="2393" countmax="1" chance="12500"/>
		<item id="2148" countmax="100" chance="99900"/>
		<item id="2148" countmax="100" chance="88800"/>
		<item id="2148" countmax="100" chance="77700"/>
		<item id="2148" countmax="100" chance="66600"/>
		<item id="2179" countmax="1" chance="8000"/>
		<item id="2470" countmax="1" chance="5000"/>
		<item id="2033" countmax="1" chance="7500"/>
		<item id="2418" countmax="1" chance="4500"/>
		<item id="2182" countmax="1" chance="3500"/>
		<item id="2155" countmax="1" chance="1500"/>
		<item id="2188" countmax="1" chance="2500"/>
		<item id="2396" countmax="1" chance="7500"/>
		<item id="2177" countmax="1" chance="1000"/>
		<item id="2162" countmax="1" chance="11500"/>
		<item id="2472" countmax="1" chance="3000"/>
		<item id="2514" countmax="1" chance="7500"/>
		<item id="2164" countmax="1" chance="5000"/>
		<item id="2178" countmax="1" chance="4000"/>
		<item id="2176" countmax="1" chance="12000"/>
		<item id="2171" countmax="1" chance="4500"/>
		<item id="2200" countmax="1" chance="4500"/>
		<item id="1982" countmax="1" chance="2600"/>
		<item id="2214" countmax="1" chance="13000"/>
		<item id="2123" countmax="1" chance="3500"/>
		<item id="2170" countmax="1" chance="13000"/>
		<item id="2402" countmax="1" chance="15500"/>
		<item id="2436" countmax="1" chance="5000"/>
		<item id="2150" countmax="20" chance="13500"/>
		<item id="2145" countmax="5" chance="9500"/>
		<item id="2149" countmax="10" chance="15500"/>
		<item id="2146" countmax="10" chance="13500"/>
		<item id="2165" countmax="1" chance="9500"/>
		<item id="2197" countmax="1" chance="4000"/>
		<item id="2174" countmax="1" chance="2500"/>
		<item id="2151" countmax="7" chance="14000"/>
		<item id="2112" countmax="1" chance="14500"/>
		<item id="2421" countmax="1" chance="13500"/>
		<item id="2377" countmax="1" chance="20000"/>
		<item id="3955" countmax="1" chance="100"/>
		<item id="2185" countmax="1" chance="3500"/>
		<item id="2143" countmax="15" chance="12500"/>
	</loot>
</monster>