<?xml version="1.0" encoding="UTF-8"?>
<monster name="Lancer Beetle" nameDescription="a lancer beetle" race="venom" experience="250" speed="220" manacost="0">
<health now="400" max="400"/>
<look type="348" corpse="11369"/>
<targetchange interval="5000" chance="12"/>
<strategy attack="100" defense="0"/>
<flags>
<flag summonable="0"/>
<flag attackable="1"/>
<flag hostile="1"/>
<flag illusionable="1"/>
<flag convinceable="650"/>
<flag pushable="0"/>
<flag canpushitems="1"/>
<flag canpushcreatures="0"/>
<flag targetdistance="1"/>
<flag staticattack="90"/>
<flag runonhealth="80"/>
</flags>
<attacks>
<attack name="melee" interval="2000" skill="40" attack="60"/>
<attack name="poison" interval="2000" chance="20" length="8" spread="3" min="-0" max="-0">
<attribute key="areaEffect" value="poison"/>
</attack>
</attacks>
	<defenses armor="25" defense="25">
<defense name="invisible" interval="1000" chance="10" duration="3000">
<attribute key="areaEffect" value="redshimmer"/>
		</defense>
	</defenses>
<elements>
<element physicalPercent="0"/>
<element holyPercent="0"/>
<element deathPercent="50"/>
<element energyPercent="5"/>
<element icePercent="-5"/>
<element earthPercent="0"/>
<element firePercent="-10"/>
</elements>
<immunities>
<immunity earth="1"/>
<immunity invisible="1"/>
<immunity lifedrain="1"/>
<immunity paralyze="1"/>
</immunities>
<voices interval="5000" chance="10">
<voice sentence="Crump!" yell="1"/>
</voices>
<loot>
<item id="2148" countmax="121" chance1="2000" chancemax="6400"/>
<item id="10615" chance="1100"/>
<item id="10563" chance="1000"/>
<item id="1987" chance="100000">
<inside>
<item id="11365" chance="1200"/>
<item id="11367" chance="400"/>
<item id="2150" chance="500"/>
</inside>
</item>
</loot>
</monster>