<?xml version="1.0" encoding="UTF-8"?>
<monster name="Lizard High Guard" nameDescription="a lizard high guard" race="blood" experience="1450" speed="340" manacost="0">
<health now="1800" max="1800"/>
<look type="337" corpse="11275"/>
<targetchange interval="5000" chance="8"/>
<strategy attack="100" defense="0"/>
<flags>
<flag summonable="0"/>
<flag attackable="1"/>
<flag hostile="1"/>
<flag illusionable="1"/>
<flag convinceable="0"/>
<flag pushable="0"/>
<flag canpushitems="1"/>
<flag canpushcreatures="0"/>
<flag targetdistance="1"/>
<flag staticattack="90"/>
<flag runonhealth="150"/>
</flags>
<attacks>
<attack name="melee" interval="2000" skill="65" attack="75"/>
<attack name="poison" interval="1000" chance="25" range="1" radius="1" target="1" min="-60" max="-210">
<attribute key="areaEffect" value="poison"/>
</attack>
</attacks>
	<defenses armor="25" defense="25">
		<defense name="healing" interval="1000" chance="25" min="200" max="900">
			<attribute key="areaEffect" value="blueshimmer"/>
		</defense>
	</defenses>
<elements>
<element icePercent="-10"/>
<element firePercent="45"/>
</elements>
<immunities>
<immunity earth="1"/>
<immunity invisible="1"/>
</immunities>
<voices interval="5000" chance="10">
<voice sentence="Grzzzzzzz!"/>
</voices>
<loot>
<item id="2148" countmax="220" chance="10000"/>
<item id="11238" countmax="2" chance="1200"/>
<item id="11318" chance="2800"/>
<item id="591" chance="1400"/>
<item id="5881" countmax="1" chance="1330"/>
<item id="1987" chance="100000">
<inside>
<item id="11296" chance="600"/>
<item id="11325" chance="680"/>
<item id="11294" chance="640"/>
<item id="11297" chance="580"/>
<item id="11199" chance="580"/>
<item id="11326" chance="633"/>
<item id="2149" chance="1133"/>
<item id="5876" countmax="1" chance="900"/>
</inside>
</item>
</loot>
</monster>