<?xml version="1.0" encoding="UTF-8"?>
<monster name="Lizard Legionnaire" nameDescription="a lizard legionnaire" race="blood" experience="1100" speed="220" manacost="0">
<health now="1400" max="1400"/>
<look type="338" corpse="11267"/>
<targetchange interval="5000" chance="8"/>
<strategy attack="100" defense="0"/>
<flags>
<flag summonable="0"/>
<flag attackable="1"/>
<flag hostile="1"/>
<flag illusionable="1"/>
<flag convinceable="0"/>
<flag pushable="0"/>
<flag canpushitems="1"/>
<flag canpushcreatures="0"/>
<flag targetdistance="3"/>
<flag staticattack="90"/>
<flag runonhealth="150"/>
</flags>
<attacks>
<attack name="melee" interval="2000" skill="50" attack="50"/>
<attack name="physical" interval="2000" chance="20" range="7" min="-0" max="-310">
<attribute key="shootEffect" value="spear"/>
</attack>
</attacks>
	<defenses armor="25" defense="25">
		<defense name="healing" interval="1000" chance="18" min="50" max="200">
			<attribute key="areaEffect" value="blueshimmer"/>
		</defense>
<defense name="invisible" interval="5000" chance="20" duration="5000">
<attribute key="areaEffect" value="redshimmer"/>
</defense>
	</defenses>
<elements>
<element firePercent="45"/>
<element icePercent="-15"/>
</elements>
<immunities>
<immunity earth="1"/>
<immunity invisible="1"/>
</immunities>
<voices interval="5000" chance="10">
<voice sentence="Tssss!"/>
</voices>
<loot>
<item id="2148" countmax="136" chance="10000"/>
<item id="11328" chance="1100"/>
<item id="11316" chance="1240"/>
<item id="11327" chance="1250"/>
<item id="11329" chance="1520"/>
<item id="11298" chance="1300"/>
<item id="11296" chance="633"/>
<item id="11294" chance="833"/>
<item id="7618" chance="1333"/>
<item id="11199" chance="733"/>
</loot>
</monster>