<?xml version="1.0" encoding="UTF-8"?>
<monster name="Lizard Zaogun" nameDescription="a lizard zaogun" race="blood" experience="1700" speed="320" manacost="0">
<health now="2955" max="2955"/>
<look type="343" corpse="11278"/>
<targetchange interval="5000" chance="8"/>
<strategy attack="100" defense="0"/>
<flags>
<flag summonable="0"/>
<flag attackable="1"/>
<flag hostile="1"/>
<flag illusionable="1"/>
<flag convinceable="0"/>
<flag pushable="0"/>
<flag canpushitems="1"/>
<flag canpushcreatures="0"/>
<flag targetdistance="1"/>
<flag staticattack="90"/>
<flag runonhealth="150"/>
</flags>
<attacks>
<attack name="melee" interval="2000" skill="80" attack="88"/>
<attack name="poison" interval="2000" chance="25" range="1" radius="1" target="1" min="-220" max="-371">
<attribute key="areaEffect" value="poison"/>
</attack>
</attacks>
	<defenses armor="35" defense="35">
		<defense name="healing" interval="1000" chance="30" min="200" max="1000">
			<attribute key="areaEffect" value="blueshimmer"/>
		</defense>
<defense name="invisible" interval="5000" chance="25" duration="5000">
<attribute key="areaEffect" value="redshimmer"/>
</defense>
	</defenses>
<elements>
<element physicalPercent="5"/>
<element holyPercent="1"/>
<element deathPercent="10"/>
<element firePercent="45"/>
<element energyPercent="20"/>
<element icePercent="15"/>
<element earthPercent="35"/>
</elements>
<immunities>
<immunity earth="1"/>
<immunity invisible="1"/>
</immunities>
<loot>
<item id="2148" countmax="139" chance="10000"/>
<item id="11324" chance="1900"/>
<item id="7591" chance="2200"/>
<item id="11199" chance="1500"/>
<item id="11323" chance="840"/>
<item id="7588" chance="1900"/>
<item id="5881" chance="1200"/>
<item id="2149" chance="1100"/>
<item id="11297" chance="710"/>
</loot>
</monster>