<?xml version="1.0" encoding="UTF-8"?>
<monster name="Random Noob" nameDescription="a random noob" race="blood" experience="480000" speed="390" manacost="390">
  <health now="1900" max="1950"/>
<look type="129" head="36" body="83" legs="116" feet="78" corpse="2212"/>
  <targetchange interval="5000" chance="8"/>
  <strategy attack="100" defense="0"/>
  <flags>
    <flag summonable="0"/>
    <flag attackable="1"/>
    <flag hostile="1"/>
    <flag illusionable="0"/>
    <flag convinceable="0"/>
    <flag pushable="0"/>
    <flag canpushitems="1"/>
    <flag canpushcreatures="0"/>
    <flag targetdistance="3"/>
    <flag staticattack="90"/>
    <flag runonhealth="50"/>
  </flags>
  <attacks>
  </attacks>
  <defenses armor="90" defense="93"/>
  <immunities>
    <immunity physical="0"/>
    <immunity energy="0"/>
    <immunity fire="0"/>
    <immunity poison="0"/>
    <immunity lifedrain="0"/>
    <immunity paralyze="0"/>
    <immunity outfit="0"/>
    <immunity drunk="0"/>
    <immunity invisible="0"/>
  </immunities>
  <voices interval="5000" chance="10">
    <voice sentence="Come here, free itenz!"/>
    <voice sentence="Come, look! A bug!"/>
    <voice sentence="I found a bug! Come and look!"/>
  </voices>
  


<summons maxSummons="4">
<summon name="Magebomb" interval="10" chance="100"/>
  </summons>



  <loot>
    <item id="2148" countmax="20" chance1="100000" chancemax="0"/>
    <item id="2465" chance="10000"/>
    <item id="2461" chance="10000"/>
    <item id="2649" chance="10000"/>
    <item id="2671" countmax="2" chance1="20000" chancemax="0"/>
    <item id="3976" countmax="10" chance1="50000" chancemax="0"/>
    <item id="1987" chance="100000">
      <inside>
        <item id="2456" chance="6666"/>
        <item id="2544" countmax="15" chance1="10000" chancemax="0"/>
        <item id="2546" countmax="5" chance1="10000" chancemax="0"/>
        <item id="2147" countmax="2" chance1="3333" chancemax="0"/>
        <item id="2675" countmax="4" chance1="6666" chancemax="0"/>
        <item id="2690" countmax="4" chance1="6666" chancemax="0"/>
        <item id="2050" chance="20000"/>
        <item id="2478" chance="3333"/>
        <item id="2652" chance="2222"/>
        <item id="2201" chance="2500"/>
      </inside>
    </item>
  </loot>
</monster>