<?xml version="1.0" encoding="UTF-8"?>
<monster name="Wailing Widow" nameDescription="a wailing widow" race="venom" experience="4600" speed="280" manacost="0">
	<health now="7800" max="7800"/>
	<look type="347" corpse="11305"/>
	<targetchange interval="5000" chance="8"/>
	<strategy attack="100" defense="0"/>
	<flags>
		<flag summonable="0"/>
		<flag attackable="1"/>
		<flag hostile="1"/>
		<flag illusionable="1"/>
		<flag convinceable="0"/>
		<flag pushable="0"/>
		<flag canpushitems="1"/>
		<flag canpushcreatures="1"/>
		<flag targetdistance="1"/>
		<flag staticattack="90"/>
		<flag runonhealth="366"/>
	</flags>
	<attacks>
				<attack name="melee" interval="2000" skill="50" attack="40" poison="920"/>
		<attack name="physical" interval="3000" chance="17" length="8" spread="3" min="-150" max="-250">
			<attribute key="areaEffect" value="bluebubble"/>
		</attack>
		<attack name="physical" interval="3000" chance="10" range="7" min="-0" max="-500">
			<attribute key="shootEffect" value="suddendeath"/>
			<attribute key="areaEffect" value="mortarea"/>
		</attack>
		<attack name="lifedrain" interval="2000" chance="21" radius="6" target="0" min="-200" max="-450">
			<attribute key="areaEffect" value="poff"/>
		</attack>
	</attacks>
	<defenses armor="5" defense="35"/>
	<elements>
		<element firePercent="10"/>
		<element physicalPercent="-10"/>
		<element icePercent="50"/>
		<element holyPercent="-15"/>
		<element energyPercent="-10"/>
	</elements>
	<immunities>
		<immunity paralyze="1"/>
		<immunity invisible="1"/>
		<immunity death="1"/>
		<immunity earth="1"/>
	</immunities>
	<voices interval="5000" chance="10">
		<voice sentence="EMBRACE MY GIFTS!" yell="1"/>
		<voice sentence="I WILL FEAST ON YOUR SOUL!" yell="1"/>
	</voices>
	<loot>
		<item id="2148" countmax="173" chance="100000"/><!-- gold coin -->
		<item id="7620" chance="4500"/>
		<item id="7618" chance="4600"/>
		<item id="2796" chance="3640"/>
		<item id="2510" chance="2800"/>
		<item id="11321" chance="2800"/>
		<item id="11322" chance="2000"/>
		<item id="11316" chance="1800"/>
	</loot>
</monster>
