<?xml version="1.0" encoding="UTF-8"?>
  <monster name="Water Hero" nameDescription="a Water Hero" race="undead" experience="100000" species="ice" speed="380" manacost="0">
    <health now="300000" max="300000"/>
    <look type="73" head="20" body="30" legs="40" feet="50" corpse="2016"/>
    <targetchange interval="20000" chance="15"/>
    <strategy attack="100" defense="0"/>
    <flags>
      <flag summonable="0"/>
      <flag attackable="1"/>
      <flag hostile="1"/>
      <flag illusionable="0"/>
      <flag convinceable="0"/>
      <flag pushable="0"/>
      <flag canpushitems="1"/>
      <flag staticattack="85"/>
      <flag lightlevel="0"/>
      <flag lightcolor="0"/>
      <flag targetdistance="1"/>
      <flag runonhealth="1"/>
    </flags>
    <attacks>
    <attack name="melee" interval="2000" skill="75" attack="65"/>
    <attack name="earth" interval="2000" chance="50" range="7" target="1" min="-500" max="-980">
    <attribute key="shootEffect" value="earth"/>
	<attribute key="areaEffect" value="smallplants"/>
    </attack>
    <attack name="physical" interval="1000" chance="50" range="6" target="1" min="-500" max="-809">
	<attribute key="shootEffect" value="snowball"/>
	</attack>
    <attack name="ice" interval="2000" chance="50" range="4" target="1" min="-800" max="-1003">
    <attribute key="shootEffect" value="smallice"/>
    </attack>
    <attack name="physical" interval="1000" chance="50" range="7" radius="2" target="1" min="-500" max="-840">
    <attribute key="shootEffect" value="smallice"/>
    <attribute key="areaEffect" value="giantice"/>
    </attack>
</attacks>
    <defenses armor="30" defense="30">
    <defense name="healing" interval="2000" chance="15" min="90" max="150">
      <attribute key="areaEffect" value="blueshimmer"/>
    </defense>
  </defenses>
<elements>
		<element physicalPercent="70"/>
		<element energyPercent="-25"/>
		<element holyPercent="20"/>
		<element deathPercent="30"/>
</elements>
  <immunities>
    <immunity ice="0"/>
    <immunity fire="0"/>
    <immunity poison="0"/>
    <immunity paralyze="1"/>
    <immunity invisible="1"/>
  </immunities>
  </monster>
