﻿<?xml version="1.0" encoding="UTF-8"?>
<monster name="lizard sentinel" nameDescription="a lizard sentinel" race="blood" experience="110" speed="240" manacost="0">
  <health now="265" max="265"/>
  <look type="114" head="20" body="30" legs="40" feet="50" corpse="6040"/>
  <targetchange interval="5000" chance="8"/>
  <strategy attack="100" defense="0"/>
  <flags>
    <flag summonable="0"/>
    <flag attackable="1"/>
    <flag hostile="1"/>
    <flag illusionable="1"/>
    <flag convinceable="1"/>
    <flag pushable="1"/>
    <flag canpushitems="1"/>
    <flag canpushcreatures="0"/>
    <flag targetdistance="4"/>
    <flag staticattack="90"/>
    <flag runonhealth="10"/>
  </flags>
  <attacks>
    <attack name="melee" interval="2000" skill="35" attack="26"/>
    <attack name="physical" interval="1000" chance="7" range="7" min="-40" max="-70">
      <attribute key="shootEffect" value="spear"/>
    </attack>
  </attacks>
  <defenses armor="20" defense="20"/>
  	<elements>
		<element energyPercent="10"/>
		<element icePercent="20"/>
		<element firePercent="-10"/>
	</elements>
  <immunities>
    <immunity earth="1"/>
    <immunity invisible="1"/>
  </immunities>
  <voices interval="5000" chance="10">
    <voice sentence="Tssss!"/>
  </voices>
  <loot>
    <item id="2148" countmax="60" chance1="100000" chancemax="0"/>
    <item id="2182" chance="1950"/>
    <item id="2425" chance="1428"/>
    <item id="2381" chance="6666"/>
    <item id="2457" chance="6666"/>
    <item id="3974" chance="1466"/>
    <item id="3965" chance="1150"/>
    <item id="5876" countmax="1" chance1="5000" chancemax="0"/>
    <item id="1987" chance="100000">
      <inside>
        <item id="2148" countmax="50" chance1="100000" chancemax="0"/>
        <item id="2147" countmax="4" chance1="4000" chancemax="0"/>
        <item id="2654" chance="20000"/>
        <item id="5881" countmax="1" chance1="5000" chancemax="0"/>
      </inside>
    </item>
  </loot>
</monster>
