﻿<?xml version="1.0" encoding="UTF-8"?>
<monster name="Phantasm" nameDescription="a phantasm" race="undead" experience="0" speed="250" manacost="0">
  <health now="65" max="65"/>
  <look type="241" head="20" corpse="6344"/>
  <targetchange interval="5000" chance="8"/>
  <strategy attack="100" defense="0"/>
  <flags>
    <flag summonable="0"/>
    <flag attackable="1"/>
    <flag hostile="1"/>
    <flag illusionable="1"/>
    <flag convinceable="0"/>
    <flag pushable="1"/>
    <flag canpushitems="1"/>
    <flag canpushcreatures="1"/>
    <flag targetdistance="1"/>
    <flag staticattack="90"/>
    <flag runonhealth="0"/>
  </flags>
  <attacks>
    <attack name="melee" interval="2000" skill="70" attack="90" poison="50"/>
    <attack name="poison" interval="1000" chance="10" range="7" radius="4" target="1" min="-150" max="-150">
      <attribute key="shootEffect" value="poison"/>
      <attribute key="areaEffect" value="poison"/>
    </attack>
    <attack name="poisonfield" interval="1000" chance="17" range="7" radius="3" target="1">
      <attribute key="shootEffect" value="poison"/>
    </attack>
    <attack name="manadrain" interval="1000" chance="25" range="7" min="-100" max="-200">
      <attribute key="areaEffect" value="redshimmer"/>
  </attack>
  </attacks>
  <defenses armor="25" defense="20">

  </defenses>
  <immunities>
  </immunities>
  <voices interval="5000" chance="10">
    <voice sentence="Oh my, you forgot to put your pants on!"/>
    <voice sentence="Weeheeheeheehee!"/>
    <voice sentence="Its nothing but a dream!"/>
    <voice sentence="Give in!"/>
  </voices>
  <loot>
    <item id="2148" countmax="20" chance1="100000" chancemax="0"/>

 </loot>
</monster>
