﻿<?xml version="1.0" encoding="UTF-8"?>
<monster name="scorpion" nameDescription="a scorpion" race="VENOM" experience="45" speed="150" manacost="310">
  <health now="45" max="45"/>
  <look type="43" head="20" body="30" legs="40" feet="50" corpse="5988"/>
  <targetchange interval="5000" chance="8"/>
  <strategy attack="100" defense="0"/>
  <flags>
    <flag summonable="1"/>
    <flag attackable="1"/>
    <flag hostile="1"/>
    <flag illusionable="1"/>
    <flag convinceable="1"/>
    <flag pushable="1"/>
    <flag canpushitems="0"/>
    <flag canpushcreatures="0"/>
    <flag targetdistance="1"/>
    <flag staticattack="90"/>
    <flag runonhealth="5"/>
  </flags>
  <attacks>
    <attack name="melee" interval="2000" skill="35" attack="21" poison="150"/>
  </attacks>
  <defenses armor="10" defense="5"/>
  <immunities>
    <immunity earth="1"/>
  </immunities>
  <elements>
	<element icePercent="-5"/>
	<element firePercent="-10"/>
	<element energyPercent="20"/>
  </elements>
</monster>
