﻿<?xml version="1.0" encoding="UTF-8"?>
<monster name="spider" nameDescription="a spider" race="VENOM" experience="12" speed="152" manacost="210">
  <health now="20" max="20"/>
  <look type="30" head="20" body="30" legs="40" feet="50" corpse="5961"/>
  <targetchange interval="2000" chance="0"/>
  <strategy attack="100" defense="0"/>
  <flags>
    <flag summonable="1"/>
    <flag attackable="1"/>
    <flag hostile="1"/>
    <flag illusionable="1"/>
    <flag convinceable="1"/>
    <flag pushable="1"/>
    <flag canpushitems="0"/>
    <flag canpushcreatures="0"/>
    <flag targetdistance="1"/>
    <flag staticattack="90"/>
    <flag runonhealth="6"/>
  </flags>
  <attacks>
    <attack name="melee" interval="2000" skill="9" attack="7"/>
  </attacks>
  <defenses armor="2" defense="2"/>
  <immunities/>
  <elements>
	<element firePercent="-10"/>
  </elements>
  <loot>
    <item id="2148" countmax="5" chance1="90000" chancemax="0"/>
  </loot>
</monster>
