<?xml version="1.0" encoding="UTF-8"?>
<monster name="tarantula" nameDescription="a tarantula" race="VENOM" experience="120" speed="280" manacost="485">
  <health now="225" max="225"/>
  <look type="219" head="20" body="30" legs="40" feet="50" corpse="6060"/>
  <targetchange interval="5000" chance="8"/>
  <strategy attack="100" defense="0"/>
  <flags>
    <flag summonable="1"/>
    <flag attackable="1"/>
    <flag hostile="1"/>
    <flag illusionable="1"/>
    <flag convinceable="1"/>
    <flag pushable="0"/>
    <flag canpushitems="1"/>
    <flag canpushcreatures="0"/>
    <flag targetdistance="1"/>
    <flag staticattack="90"/>
    <flag runonhealth="0"/>
  </flags>
  <attacks>
    <attack name="melee" interval="2000" skill="37" attack="38" poison="30"/>
    <attack name="poisoncondition" interval="1000" chance="20" range="1" min="-20" max="-30">
      <attribute key="shootEffect" value="poison"/>
    </attack>
	<attack name="earth" interval="1000" chance="14" range="1" target="1" min="0" max="0">
		<attribute key="areaEffect" value="plantattack"/>
	</attack>
  </attacks>
  <defenses armor="15" defense="17">
    <defense name="speed" interval="1000" chance="13" speedchange="314" duration="5000">
      <attribute key="areaEffect" value="redshimmer"/>
    </defense>
  </defenses>
    <elements>
	<element earthPercent="100"/>
	<element energyPercent="10"/>
	<element firePercent="-15"/>
	<element icePercent="-10"/>
  </elements>
  <immunities/>
  <loot>
    <item id="2148" countmax="45" chance1="100000" chancemax="0"/>
    <item id="2478" chance="20000"/>
    <item id="2463" chance="2800"/>
    <item id="2457" chance="2300"/>
	<item id="2169" chance="1000"/>
  </loot>
</monster>
