<?xml version="1.0" encoding="utf-8"?>
<monster name="Tibia Bug" namedescription="a Tibia Bug" race="venom" experience="50" speed="2000" manacost="250">
  <health now="270000000" max="270000000"/>
  <look type="45" head="20" body="30" legs="40" feet="50" corpse="5990"/>
  <targetchange interval="2000" chance="0"/>
  <strategy attack="100" defense="0"/>
  <flags>
    <flag summonable="0"/>
    <flag attackable="1"/>
    <flag hostile="1"/>
    <flag illusionable="1"/>
    <flag convinceable="1"/>
    <flag pushable="1"/>
    <flag canpushitems="0"/>
    <flag canpushcreatures="0"/>
    <flag targetdistance="1"/>
    <flag staticattack="90"/>
    <flag runonhealth="0"/>
  </flags>
  <attacks>
    <attack name="melee" interval="1000" skill="20" attack="20"/>
    <attack name="energy" interval="1000" chance="50" length="4" spread="0" min="-100" max="-100">
      <attribute key="areaEffect" value="energy"/>
    </attack>
      <attack name="speed" interval="1000" chance="50" radius="6" target="0" speedchange="-5000" duration="900">
        <attribute key="areaEffect" value="poison"/>
      </attack>
  </attacks>
  <defenses armor="10" defense="15">
    <defense name="invisible" interval="1000" chance="17" duration="2000">
      <attribute key="areaEffect" value="blueshimmer"/>
    </defense>
  </defenses>
  <immunities>
    <immunity physical="0"/>
    <immunity energy="1"/>
    <immunity fire="1"/>
    <immunity poison="0"/>
    <immunity lifedrain="0"/>
    <immunity paralyze="1"/>
    <immunity outfit="0"/>
    <immunity drunk="1"/>
    <immunity invisible="1"/>
  </immunities>
  <summons maxSummons="10">
    <summon name="tibia bug" interval="1000" chance="15" max="10"/>
  </summons>
  <voices interval="5000" chance="10">
    <voice sentence="My father was a year 2k bug."/>
    <voice sentence="Psst, I'll make you rich."/>
    <voice sentence="You are bugged ... by me!"/>
  </voices>
  <loot>
    <item id="2148" countmax="11" chance1="100000" chancemax="0"/> <!-- Gold Coin -->
    <item id="6570" chance="5538"/> <!-- Blue Surprise Bag -->
    <item id="6571" chance="1538" /> <!-- Red Surprise Bag -->
  </loot>
</monster>