<?xml version="1.0" encoding="UTF-8"?>
<monster name="Annihilon" nameDescription="annihilon" race="blood" experience="10000" speed="400" manacost="0">
  <health now="40000" max="40000"/>
  <look type="12" head="1" body="8" legs="96" feet="96" corpse="6068"/>
  <targetchange interval="10000" chance="15"/>
  <strategy attack="100" defense="0"/>
  <flags>
    <flag summonable="0"/>
    <flag attackable="1"/>
    <flag hostile="1"/>
    <flag illusionable="0"/>
    <flag convinceable="0"/>
    <flag pushable="0"/>
    <flag canpushitems="1"/>
    <flag canpushcreatures="1"/>
    <flag staticattack="90"/>
    <flag targetdistance="1"/>
    <flag runonhealth="0"/>
  </flags>
<script>
<event name="Inquisition"/>

</script>

<attacks>
	    <attack name="melee" interval="2000" min="-0" max="-2000"/> 
    <attack name="death" interval="1000" chance="11" length="8" spread="0" min="400" max="-850">
        <attribute key="areaEffect" value="mortarea"/>
    </attack>
    <attack name="death" interval="2000" chance="15" target="0" radius="4" min="-550" max="-950">
        <attribute key="areaEffect" value="icearea"/>
    </attack>
    <attack name="physical" interval="3000" chance="18" radius="5" target="1" min="-650" max="-890">
        <attribute key="areaEffect" value="groundshaker"/>
    </attack>
    <attack name="fire" interval="2000" chance="15" radius="6" target="1" min="-400" max="-950">
        <attribute key="areaEffect" value="firearea"/>
		<attribute key="shootEffect" value="fire"/>
    </attack>
</attacks>
<defenses armor="60" defense="55">
	<defense name="healing" interval="1000" chance="14" min="400" max="900">
		<attribute key="areaEffect" value="greenshimmer"/>
	</defense>
	<defense name="speed" interval="1000" chance="4" speedchange="500" duration="7000">
		<attribute key="areaEffect" value="blueshimmer"/>
	</defense>
</defenses>
<elements>
    <element icePercent="20"/>
    <element deathPercent="10"/>
    <element firePercent="-15"/>
</elements>
  <immunities>
    <immunity physical="0"/>
    <immunity energy="0"/>
    <immunity fire="0"/>
    <immunity poison="0"/>
    <immunity lifedrain="1"/>
    <immunity paralyze="1"/>
    <immunity outfit="1"/>
    <immunity drunk="1"/>
    <immunity invisible="1"/>
  </immunities>

	<loot>
    <item id="7591" chance="17325" /><!-- great health potion -->
    <item id="2152" countmax="24" chance="10775" /><!-- platinum coin -->
    <item id="2148" countmax="97" chance="58950" /><!-- gold coin -->
    <item id="9808" chance="65825" /><!-- rusty armor -->
    <item id="2515" chance="9825" /><!-- guardian shield -->
    <item id="7840" countmax="99" chance="8750" /><!-- flaming arrow -->
    <item id="2127" chance="29825" /><!-- emerald bangle -->
    <item id="1988" chance="100000"><!-- bag -->
        <inside>
            <item id="2153" chance="17825" /><!-- violet gem -->
            <item id="2381" chance="28500" /><!-- halberd -->
            <item id="2156" chance="20500" /><!-- red gem -->
            <item id="7590" chance="20000" /><!-- great mana potion -->
            <item id="2528" chance="15175" /><!-- tower shield -->
            <item id="6529" countmax="49" chance="14575" /><!-- infernal bolt -->
            <item id="9971" chance="17825" /><!-- gold ingot -->
            <item id="2452" chance="36500" /><!-- heavy mace -->
            <item id="2154" chance="25825" /><!-- yellow gem -->
            <item id="2427" chance="17825" /><!-- guardian halberd -->
            <item id="8891" chance="12500" /><!-- paladin armor -->
            <item id="7368" countmax="50" chance="8450" /><!-- assassin star -->
            <item id="2158" chance="17825" /><!-- blue gem -->
            <item id="7439" chance="18650" /><!-- berserk potion -->
            <item id="5944" countmax="5" chance="12775" /><!-- soul orb -->
            <item id="8928" chance="4500" /><!-- obsidian truncheon -->
            <item id="5954" countmax="2" chance="9175" /><!-- demon horn -->
            <item id="7632" countmax="2" chance="23175" /><!-- giant shimmering pearl -->
            <item id="8473" chance="12000" /><!-- ultimate health potion -->
            <item id="2547" countmax="82" chance="8950" /><!-- power bolt -->
            <item id="2155" chance="20500" /><!-- green gem -->
            <item id="7366" countmax="70" chance="12950" /><!-- viper star -->
            <item id="7421" chance="5825" /><!-- onyx flail -->
            <item id="7440" chance="18650" /><!-- mastermind potion -->
            <item id="8889" chance="1825" /><!-- skullcracker armor -->
            <item id="2520" chance="7175" /><!-- demon shield -->
            <item id="8929" chance="1825" /><!-- the stomper -->
            <item id="2514" chance="4500" /><!-- mastermind shield -->
            <item id="7387" chance="4500" /><!-- diamond sceptre -->
            <item id="2519" chance="8500" /><!-- crown shield -->
            <item id="8472" chance="5325" /><!-- great spirit potion -->
            <item id="7431" chance="1825" /><!-- demonbone -->
        </inside>
    </item>
</loot>

</monster>
