<?xml version="1.0" encoding="UTF-8"?>
<monster name="Golgordan" nameDescription="golgordan" race="blood" experience="10000" speed="400" manacost="0">
  <health now="40000" max="40000"/>
  <look type="12" head="128" body="120" legs="127" feet="91" corpse="6068"/>
  <targetchange interval="10000" chance="15"/>
  <strategy attack="100" defense="0"/>
  <flags>
    <flag summonable="0"/>
    <flag attackable="1"/>
    <flag hostile="1"/>
    <flag illusionable="0"/>
    <flag convinceable="0"/>
    <flag pushable="0"/>
    <flag canpushitems="1"/>
    <flag canpushcreatures="1"/>
    <flag staticattack="90"/>
    <flag targetdistance="1"/>
    <flag runonhealth="0"/>
  </flags>
<script>
<event name="Inquisition"/>

</script>

<attacks>
	    <attack name="melee" interval="2000" min="-0" max="-500"/>
	<attack name="death" interval="3000" chance="15" length="8" spread="0" min="-250" max="-1050">
		<attribute key="areaEffect" value="mortarea"/>
	</attack>
	<attack name="poisoncondition" interval="1000" chance="11" length="5" spread="2" min="-200" max="-950">
		<attribute key="areaEffect" value="poison"/>
	</attack>
	<attack name="physical" interval="1000" chance="8" radius="6" target="0" min="-200" max="-1255">
		<attribute key="areaEffect" value="groundshaker"/>
	</attack>
	<attack name="fire" interval="2000" chance="15" radius="7" target="1" min="-200" max="-800">
		<attribute key="areaEffect" value="firearea"/>
	</attack>
</attacks>
  <defenses armor="65" defense="65">
    <defense name="healing" interval="3000" chance="20" min="2000" max="2500">
      <attribute key="areaEffect" value="blueshimmer"/>
    </defense>

    <defense name="speed" interval="4000" chance="80" speedchange="440" duration="6000">
      <attribute key="areaEffect" value="redshimmer"/>
    </defense>

  </defenses>
<elements>
<element icePercent="-10"/>
<element holyPercent="10"/>
<element firePercent="-10"/>
<element physicalPercent="10"/>
</elements>
  <immunities>
    <immunity physical="0"/>
    <immunity energy="0"/>
    <immunity fire="0"/>
    <immunity poison="0"/>
    <immunity lifedrain="0"/>
    <immunity paralyze="0"/>
    <immunity outfit="1"/>
    <immunity drunk="0"/>
    <immunity invisible="1"/>
    <immunity death="1"/>
  </immunities>
  <voices interval="5000" chance="10">
	<voice sentence="Latrivan your fool"/>
  </voices>

		<loot>
    <item id="2148" countmax="100" chance="53650" /><!-- gold coin -->
    <item id="2148" countmax="100" chance="53650" /><!-- gold coin -->
    <item id="2148" countmax="57" chance="53650" /><!-- gold coin -->
    <item id="2197" chance="10175" /><!-- stone skin amulet -->
    <item id="2165" chance="15550" /><!-- stealth ring -->
    <item id="2432" chance="11250" /><!-- fire axe -->
    <item id="2149" countmax="10" chance="9000" /><!-- small emerald -->
    <item id="2182" chance="6950" /><!-- snakebite rod -->
    <item id="6300" chance="9100" /><!-- death ring -->
    <item id="2146" countmax="8" chance="5475" /><!-- small sapphire -->
    <item id="1988" chance="100000"><!-- bag -->
        <inside>
            <item id="2387" chance="25225" /><!-- double axe -->
            <item id="6500" chance="9100" /><!-- demonic essence -->
            <item id="2162" chance="18775" /><!-- magic light wand -->
            <item id="2402" chance="11250" /><!-- silver dagger -->
            <item id="7591" chance="23865" /><!-- great health potion -->
            <item id="7591" chance="11932" /><!-- great health potion -->
            <item id="2186" chance="3725" /><!-- moonlight rod -->
            <item id="2170" chance="19850" /><!-- silver amulet -->
            <item id="2167" chance="15550" /><!-- energy ring -->
            <item id="2144" countmax="15" chance="6725" /><!-- black pearl -->
            <item id="2143" countmax="13" chance="8200" /><!-- white pearl -->
            <item id="2200" chance="10175" /><!-- protection amulet -->
            <item id="2214" chance="27375" /><!-- ring of healing -->
            <item id="2150" countmax="20" chance="8400" /><!-- small amethyst -->
            <item id="2393" chance="8025" /><!-- giant sword -->
            <item id="9971" chance="9100" /><!-- gold ingot -->
            <item id="2185" chance="4800" /><!-- necrotic rod -->
            <item id="2192" chance="1575" /><!-- crystal ball -->
            <item id="2164" chance="3725" /><!-- might ring -->
            <item id="2462" chance="3725" /><!-- devil helmet -->
            <item id="2179" chance="9100" /><!-- gold ring -->
            <item id="2145" countmax="5" chance="11475" /><!-- small diamond -->
            <item id="2396" chance="9100" /><!-- ice rapier -->
            <item id="7365" countmax="6" chance="4275" /><!-- onyx arrow -->
            <item id="2436" chance="2650" /><!-- skull staff -->
            <item id="2158" chance="1575" /><!-- blue gem -->
            <item id="2155" chance="4800" /><!-- green gem -->
            <item id="2520" chance="8025" /><!-- demon shield -->
            <item id="2171" chance="1575" /><!-- platinum amulet -->
            <item id="2195" chance="2650" /><!-- boots of haste -->
            <item id="2178" chance="4800" /><!-- mind stone -->
            <item id="7368" countmax="8" chance="1575" /><!-- assassin star -->
        </inside>
    </item>
</loot>

</monster>
