<?xml version="1.0" encoding="UTF-8"?>
<monster name="Hellgorak" nameDescription="hellgorak" race="blood" experience="10000" speed="400" manacost="0">
  <health now="40000" max="40000"/>
  <look type="12" head="1" body="77" legs="0" feet="82" corpse="6068"/>
  <targetchange interval="10000" chance="15"/>
  <strategy attack="100" defense="0"/>
  <flags>
    <flag summonable="0"/>
    <flag attackable="1"/>
    <flag hostile="1"/>
    <flag illusionable="0"/>
    <flag convinceable="0"/>
    <flag pushable="0"/>
    <flag canpushitems="1"/>
    <flag canpushcreatures="1"/>
    <flag staticattack="90"/>
    <flag targetdistance="1"/>
    <flag runonhealth="0"/>
  </flags>
<script>
<event name="Inquisition"/>

</script>

<attacks>
	    <attack name="melee" interval="2000" min="-350" max="-800"/>
    <attack name="energy" interval="1000" chance="20" length="8" spread="0" min="-750" max="-1050">
        <attribute key="areaEffect" value="purpleenergy"/>
    </attack>
    <attack name="manadrain" interval="2000" chance="14" radius="5" target="0" min="-260" max="-800">
        <attribute key="areaEffect" value="stun"/>
    </attack>
    <attack name="fire" interval="1000" chance="20" radius="5" target="1" min="-300" max="-620">
        <attribute key="areaEffect" value="firearea"/>
    </attack>
	<attack name="lifedrain" interval="2000" chance="5" radius="7" target="0" min="400" max="-720">
		<attribute key="areaEffect" value="poff"/>
	</attack>
</attacks>
<defenses armor="70" defense="65">
	<defense name="healing" interval="1000" chance="11" min="400" max="900">
		<attribute key="areaEffect" value="greenshimmer"/>
	</defense>
</defenses>
<elements>
		<element energyPercent="10"/>
		<element earthPercent="10"/>
		<element icePercent="10"/>
		<element holyPercent="10"/>
		<element deathPercent="10"/>
		<element firePercent="10"/>
		<element physicalPercent="10"/>
</elements>
  <immunities>
    <immunity physical="0"/>
    <immunity energy="0"/>
    <immunity fire="0"/>
    <immunity poison="0"/>
    <immunity lifedrain="1"/>
    <immunity paralyze="1"/>
    <immunity outfit="1"/>
    <immunity drunk="1"/>
    <immunity invisible="1"/>
    <immunity death="0"/>
  </immunities>

	<loot>
    <item id="2148" countmax="100" chance="47350" /><!-- gold coin -->
    <item id="2148" countmax="100" chance="47350" /><!-- gold coin -->
    <item id="2488" chance="10900" /><!-- crown legs -->
    <item id="6500" chance="100500" /><!-- demonic essence -->
    <item id="5954" countmax="2" chance="8325" /><!-- demon horn -->
    <item id="8871" chance="10800" /><!-- focus cape -->
    <item id="7591" chance="19800" /><!-- great health potion -->
    <item id="2149" countmax="25" chance="6700" /><!-- small emerald -->
    <item id="3962" chance="30200" /><!-- beastslayer axe -->
    <item id="8901" chance="30500" /><!-- spellbook of warding -->
    <item id="1988" chance="100000"><!-- bag -->
        <inside>
            <item id="2645" chance="10100" /><!-- steel boots -->
            <item id="8870" chance="11300" /><!-- spirit cloak -->
            <item id="8473" chance="34965" /><!-- ultimate health potion -->
            <item id="8473" chance="17482" /><!-- ultimate health potion -->
            <item id="2147" countmax="25" chance="7050" /><!-- small ruby -->
            <item id="2487" chance="21400" /><!-- crown armor -->
            <item id="2150" countmax="25" chance="7525" /><!-- small amethyst -->
            <item id="9970" countmax="25" chance="7100" /><!-- small topaz -->
            <item id="7412" chance="10700" /><!-- butcher's axe -->
            <item id="2152" countmax="30" chance="10500" /><!-- platinum coin -->
            <item id="2133" chance="10200" /><!-- ruby necklace -->
            <item id="9811" chance="48975" /><!-- rusty legs -->
            <item id="2656" chance="9400" /><!-- blue robe -->
            <item id="2466" chance="4350" /><!-- golden armor -->
            <item id="8472" chance="22525" /><!-- great spirit potion -->
            <item id="2477" chance="10900" /><!-- knight legs -->
            <item id="9808" chance="27575" /><!-- rusty armor -->
            <item id="7894" chance="10800" /><!-- magma legs -->
            <item id="8903" chance="12825" /><!-- spellbook of lost souls -->
            <item id="7590" chance="19075" /><!-- great mana potion -->
            <item id="2143" countmax="25" chance="7425" /><!-- white pearl -->
            <item id="2144" countmax="25" chance="7000" /><!-- black pearl -->
            <item id="7456" chance="11400" /><!-- noble axe -->
            <item id="2197" chance="13425" /><!-- stone skin amulet -->
            <item id="2146" countmax="25" chance="6300" /><!-- small sapphire -->
            <item id="2125" chance="15950" /><!-- crystal necklace -->
            <item id="2145" countmax="25" chance="7625" /><!-- small diamond -->
            <item id="7453" chance="5050" /><!-- executioner -->
            <item id="7388" chance="5550" /><!-- vile axe -->
            <item id="2470" chance="4350" /><!-- golden legs -->
            <item id="2130" chance="10100" /><!-- golden amulet -->
            <item id="8902" chance="10500" /><!-- spellbook of mind control -->
            <item id="2136" chance="1200" /><!-- demonbone amulet -->
            <item id="8904" chance="1200" /><!-- spellscroll of prophecies -->
            <item id="8879" chance="800" /><!-- voltage armor -->
            <item id="8926" chance="800" /><!-- demonwing axe -->
            <item id="2415" chance="700" /><!-- great axe -->
        </inside>
    </item>
</loot>

</monster>
