<?xml version="1.0" encoding="UTF-8"?>
<monster name="Ushuriel" nameDescription="ushuriel" race="blood" experience="10000" speed="400" manacost="0">
  <health now="40000" max="40000"/>
  <look type="12" head="1" body="76" legs="0" feet="132" corpse="6068"/>
  <targetchange interval="10000" chance="15"/>
  <strategy attack="100" defense="0"/>
  <flags>
    <flag summonable="0"/>
    <flag attackable="1"/>
    <flag hostile="1"/>
    <flag illusionable="0"/>
    <flag convinceable="0"/>
    <flag pushable="0"/>
    <flag canpushitems="1"/>
    <flag canpushcreatures="1"/>
    <flag staticattack="90"/>
    <flag targetdistance="1"/>
    <flag runonhealth="0"/>
  </flags>
<script>
<event name="Inquisition"/>
</script>
<attacks>
	    <attack name="melee" interval="2000" min="-0" max="-1028"/> 
	<attack name="physical" interval="1000" chance="10" length="10" spread="0" min="-250" max="-500">
		<attribute key="areaEffect" value="mortarea"/>
	</attack>
	<attack name="death" interval="1000" chance="8" radius="5" target="0" min="-30" max="-760">
		<attribute key="areaEffect" value="mortarea"/>
		<attribute key="shootEffect" value="death"/>
	</attack>
	<attack name="earth" interval="2000" chance="9" length="8" spread="0" min="-200" max="-585">
		<attribute key="areaEffect" value="smallplants"/>
	</attack>
	<attack name="ice" interval="1000" chance="8" target="0" radius="6" min="0" max="-430">
		<attribute key="areaEffect" value="icetornado"/>
	</attack>
	<attack name="drunk" interval="3000" chance="11" radius="6" target="0">
		<attribute key="areaEffect" value="purplenote"/>
	</attack>
	<attack name="energycondition" interval="2000" chance="15" radius="4" target="0" min="-250" max="-250">
		<attribute key="areaEffect" value="energy"/>
	</attack>
</attacks>

<defenses armor="50" defense="45">
	<defense name="healing" interval="1000" chance="12" min="400" max="600">
		<attribute key="areaEffect" value="greenshimmer"/>
	</defense>
	<defense name="speed" interval="1000" chance="4" speedchange="400" duration="7000">
		<attribute key="areaEffect" value="blueshimmer"/>
	</defense>
</defenses>
<elements>
		<element energyPercent="30"/>
		<element earthPercent="80"/>
		<element icePercent="15"/>
		<element holyPercent="-10"/>
		<element deathPercent="20"/>
		<element firePercent="-10"/>
</elements>
  <immunities>
    <immunity physical="0"/>
    <immunity energy="0"/>
    <immunity fire="0"/>
    <immunity poison="0"/>
    <immunity lifedrain="1"/>
    <immunity paralyze="1"/>
    <immunity outfit="1"/>
    <immunity drunk="1"/>
    <immunity invisible="1"/>
    <immunity death="1"/>
  </immunities>
  <voices interval="5000" chance="10">
	<voice sentence="You will run out of resources soon enough!"/>
    <voice sentence="One little mistake and your all are mine!"/>
    <voice sentence="I sense your strength fading!"/>
  </voices>

	<loot>
    <item id="2148" countmax="100" chance="52200" /><!-- gold coin -->
    <item id="2148" countmax="91" chance="52200" /><!-- gold coin -->
    <item id="6500" chance="100500" /><!-- demonic essence -->
    <item id="2789" countmax="30" chance="55500" /><!-- brown mushroom -->
    <item id="5880" chance="48250" /><!-- iron ore -->
    <item id="7417" chance="11925" /><!-- runed sword -->
    <item id="2498" chance="20925" /><!-- royal helmet -->
    <item id="2178" chance="20925" /><!-- mind stone -->
    <item id="1988" chance="100000"><!-- bag -->
        <inside>
            <item id="2392" chance="18850" /><!-- fire sword -->
            <item id="8473" chance="21800" /><!-- ultimate health potion -->
            <item id="9808" chance="18150" /><!-- rusty armor -->
            <item id="5741" chance="16075" /><!-- skull helmet -->
            <item id="5954" countmax="2" chance="7250" /><!-- demon horn -->
            <item id="7402" chance="10525" /><!-- dragon slayer -->
            <item id="7591" chance="25250" /><!-- great health potion -->
            <item id="2152" countmax="30" chance="9725" /><!-- platinum coin -->
            <item id="2475" chance="21250" /><!-- warrior helmet -->
            <item id="5669" chance="20225" /><!-- mysterious voodoo skull -->
            <item id="9971" chance="20575" /><!-- gold ingot -->
            <item id="2479" chance="9850" /><!-- strange helmet -->
            <item id="7590" chance="24200" /><!-- great mana potion -->
            <item id="7385" chance="9850" /><!-- crimson sword -->
            <item id="2176" chance="21600" /><!-- orb -->
            <item id="2383" chance="14350" /><!-- spike sword -->
            <item id="8472" chance="28350" /><!-- great spirit potion -->
            <item id="5891" chance="4650" /><!-- enchanted chicken wing -->
            <item id="2491" chance="11575" /><!-- crown helmet -->
            <item id="5925" countmax="20" chance="12050" /><!-- hardened bone -->
            <item id="6103" chance="4300" /><!-- unholy book -->
            <item id="5884" chance="8100" /><!-- spirit container -->
            <item id="7391" chance="16750" /><!-- thaian sword -->
            <item id="2419" chance="9850" /><!-- scimitar -->
            <item id="2177" chance="19525" /><!-- life crystal -->
            <item id="5892" chance="12600" /><!-- huge chunk of crude iron -->
            <item id="2393" chance="11925" /><!-- giant sword -->
            <item id="5885" chance="6375" /><!-- flask of warrior's sweat -->
        </inside>
    </item>
</loot>

</monster>
