<?xml version="1.0" encoding="UTF-8"?>
<monster name="Zugurosh" nameDescription="zugurosh" race="blood" experience="10000" speed="400" manacost="0">
  <health now="40000" max="40000"/>
  <look type="12" head="1" body="18" legs="2" feet="92" corpse="6068"/>
  <targetchange interval="10000" chance="15"/>
  <strategy attack="100" defense="0"/>
  <flags>
    <flag summonable="0"/>
    <flag attackable="1"/>
    <flag hostile="1"/>
    <flag illusionable="0"/>
    <flag convinceable="0"/>
    <flag pushable="0"/>
    <flag canpushitems="1"/>
    <flag canpushcreatures="1"/>
    <flag staticattack="90"/>
    <flag targetdistance="1"/>
    <flag runonhealth="0"/>
  </flags>
<script>
<event name="Inquisition"/>
</script>
<attacks>
	    <attack name="melee" interval="2000" min="-0" max="-2000"/> 
    <attack name="fire" interval="3000" chance="20" target="1" radius="4" min="-450" max="-950">
        <attribute key="areaEffect" value="explosion"/>
    </attack>
    <attack name="death" interval="2000" chance="25" target="0" radius="4" min="-450" max="-950">
        <attribute key="areaEffect" value="smallclouds"/>
    </attack>
    <attack name="manadrain" interval="1000" chance="19" radius="5" target="0" min="-600" max="-830">
        <attribute key="areaEffect" value="watersplash"/>
    </attack>
	<attack name="death" interval="2000" chance="19" length="7" spread="0" min="500" max="-900">
		<attribute key="areaEffect" value="mortarea"/>
	</attack>
</attacks>

<defenses armor="45" defense="55">
	<defense name="healing" interval="2000" chance="15" min="400" max="900">
		<attribute key="areaEffect" value="greenshimmer"/>
	</defense>
	<defense name="invisible" interval="1000" chance="5" duration="6000">
		<attribute key="areaEffect" value="blueshimmer"/>
	</defense>
</defenses>

<elements>
    <element icePercent="-15"/>
    <element energyPercent="-15"/>
    <element earthPercent="-15"/>
	<element firePercent="25"/>
</elements>
  <immunities>
    <immunity physical="0"/>
    <immunity energy="0"/>
    <immunity fire="0"/>
    <immunity poison="0"/>
    <immunity lifedrain="0"/>
    <immunity paralyze="1"/>
    <immunity outfit="0"/>
    <immunity drunk="0"/>
    <immunity invisible="1"/>
    <immunity death="1"/>
  </immunities>
  <voices interval="5000" chance="10">
     <voice sentence="You will run out of resources soon enough!"/>
    <voice sentence="One little mistake and your all are mine!"/>
    <voice sentence="I sense your strength fading!"/>
  </voices>

	<loot>
    <item id="2148" countmax="100" chance="48800" /><!-- gold coin -->
    <item id="2148" countmax="86" chance="48800" /><!-- gold coin -->
    <item id="6500" chance="100500" /><!-- demonic essence -->
    <item id="9808" chance="50850" /><!-- rusty armor -->
    <item id="2151" countmax="29" chance="9975" /><!-- talon -->
    <item id="5911" countmax="10" chance="9350" /><!-- red piece of cloth -->
    <item id="7591" chance="24300" /><!-- great health potion -->
    <item id="2645" chance="6850" /><!-- steel boots -->
    <item id="9811" chance="50150" /><!-- rusty legs -->
    <item id="2134" chance="18100" /><!-- silver brooch -->
    <item id="8473" chance="27100" /><!-- ultimate health potion -->
    <item id="5944" countmax="10" chance="13375" /><!-- soul orb -->
    <item id="5913" countmax="10" chance="7675" /><!-- brown piece of cloth -->
    <item id="2152" countmax="30" chance="12150" /><!-- platinum coin -->
    <item id="7590" chance="21125" /><!-- great mana potion -->
    <item id="1987" chance="100000"><!-- bag -->
        <inside>
            <item id="9971" chance="22675" /><!-- gold ingot -->
            <item id="6104" chance="19875" /><!-- jewel case -->
            <item id="5909" countmax="10" chance="8275" /><!-- white piece of cloth -->
            <item id="2195" chance="14950" /><!-- boots of haste -->
            <item id="8472" chance="27450" /><!-- great spirit potion -->
            <item id="5954" countmax="2" chance="8425" /><!-- demon horn -->
            <item id="5914" countmax="10" chance="8750" /><!-- yellow piece of cloth -->
            <item id="5910" countmax="10" chance="9925" /><!-- green piece of cloth -->
            <item id="2173" chance="8250" /><!-- amulet of loss -->
            <item id="5912" countmax="10" chance="5925" /><!-- blue piece of cloth -->
            <item id="2646" chance="850" /><!-- golden boots -->
        </inside>
    </item>
</loot>


</monster>
