<?xml version="1.0" encoding="UTF-8"?>
<monster name="tiger" nameDescription="a tiger" race="blood" experience="40" speed="240" manacost="420">
  <health now="75" max="75"/>
  <look type="125" head="20" body="30" legs="40" feet="50" corpse="6051"/>
  <targetchange interval="5000" chance="8"/>
  <strategy attack="100" defense="0"/>
  <flags>
    <flag summonable="1"/>
    <flag attackable="1"/>
    <flag hostile="1"/>
    <flag illusionable="1"/>
    <flag convinceable="1"/>
    <flag pushable="0"/>
    <flag canpushitems="1"/>
    <flag canpushcreatures="1"/>
    <flag targetdistance="1"/>
    <flag staticattack="90"/>
    <flag runonhealth="0"/>
  </flags>
  <attacks>
    <attack name="melee" interval="1500" skill="42" attack="15"/>
  </attacks>
  <defenses armor="5" defense="15">
    <defense name="speed" interval="1000" chance="12" speedchange="567" duration="3000">
      <attribute key="areaEffect" value="redshimmer"/>
    </defense>
  </defenses>
  <immunities>
    <immunity physical="0"/>
    <immunity energy="0"/>
    <immunity fire="0"/>
    <immunity poison="0"/>
    <immunity lifedrain="0"/>
    <immunity paralyze="0"/>
    <immunity outfit="0"/>
    <immunity drunk="0"/>
    <immunity invisible="0"/>
  </immunities>
  <loot>
    <item id="3976" countmax="10" chance1="50000" chancemax="0"/>
    <item id="2671" countmax="2" chance1="33333" chancemax="0"/>
    <item id="2666" countmax="3" chance1="33333" chancemax="0"/>
  </loot>
</monster>
