<?xml version="1.0" encoding="UTF-8"?>
<monster name="Massive Earth Elemental" nameDescription="a massive earth elemental" race="undead" experience="850" speed="290" manacost="0">
	<health now="1330" max="1330"/>
	<look type="285" corpse="8933"/>
	<targetchange interval="20000" chance="50"/>
	<strategy attack="100" defense="0"/>
	<flags>
		<flag summonable="0"/>
		<flag attackable="1"/>
		<flag hostile="1"/>
		<flag illusionable="0"/>
		<flag convinceable="0"/>
		<flag pushable="0"/>
		<flag canpushitems="1"/>
		<flag staticattack="80"/>
		<flag lightlevel="0"/>
		<flag lightcolor="0"/>
		<flag targetdistance="1"/>
		<flag runonhealth="1"/>
	</flags>
	<attacks>
		<attack name="melee" interval="2000" skill="45" attack="40"/>
		<attack name="earth" interval="2000" chance="10" range="9" target="1" radius="2" min="-95" max="-170">
			<attribute key="areaEffect" value="stones"/>
		</attack>
		<attack name="poison" interval="2000" chance="11" target="1" range="7"  min="-99" max="-145">
			<attribute key="shootEffect" value="smallearth"/>
			<attribute key="areaEffect" value="poison"/>
		</attack>
		<attack name="poisoncondition" interval="2000" chance="9" range="7" target="1" min="-200" max="-200">
			<attribute key="areaEffect" value="poison"/>
		</attack>
		<attack name="poisoncondition" interval="2000" chance="12" length="6" spread="0" min="-320" max="-320">
			<attribute key="areaEffect" value="poison"/>
		</attack>
		<attack name="speed" interval="2000" chance="10" range="8" speedchange="-220" duration="5000">
			<attribute key="areaEffect" value="redshimmer"/>
		</attack>	
	</attacks>
	<defenses armor="30" defense="30">
		<defense name="healing" interval="2000" chance="5" min="115" max="155">
			<attribute key="areaEffect" value="blueshimmer"/>
		</defense>	
	</defenses>
	<elements>
		<element deathPercent="45"/>
		<element energyPercent="90"/>
		<element physicalPercent="25"/>
		<element holyPercent="50"/>
		<element firePercent="-15"/>
	</elements>
	<immunities>
		<immunity paralyze="1"/>
		<immunity invisible="1"/>
		<immunity earth="1"/>
		<immunity ice="1"/>
	</immunities>
	<loot>
    <item id="9808" chance="5550" /><!-- rusty armor -->
    <item id="2148" countmax="100" chance="31075" /><!-- gold coin -->
    <item id="2148" countmax="100" chance="31075" /><!-- gold coin -->
    <item id="2148" countmax="7" chance="31075" /><!-- gold coin -->
    <item id="11216" chance="38625" /><!-- lump of earth -->
    <item id="2200" chance="5550" /><!-- protection amulet -->
    <item id="1294" countmax="10" chance="14600" /><!-- small stone -->
    <item id="9970" countmax="2" chance="5175" /><!-- small topaz -->
    <item id="1987" chance="100000"><!-- bag -->
        <inside>
            <item id="2145" countmax="2" chance="4100" /><!-- small diamond -->
            <item id="2213" chance="1950" /><!-- dwarven ring -->
            <item id="7887" chance="1225" /><!-- terra amulet -->
        </inside>
    </item>
</loot>



















</monster>
