<?xml version="1.0" encoding="UTF-8"?>
<monster name="Alezzo" nameDescription="a lizard highpriest" race="blood" experience="4000" speed="184" manacost="0">
	<health now="6000" max="6000"/>
	<look type="115" head="0" body="0" legs="0" feet="0" corpse="4262"/>
	<targetchange interval="2000" chance="50"/>
	<strategy attack="100" defense="0"/>
	<flags>
		<flag summonable="0"/>
		<flag attackable="1"/>
		<flag hostile="1"/>
		<flag illusionable="1"/>
		<flag convinceable="0"/>
		<flag pushable="1"/>
		<flag canpushitems="1"/>
		<flag canpushcreatures="0"/>
		<flag targetdistance="4"/>
		<flag runonhealth="15"/>
	</flags>
	<attacks>
		<attack name="melee" interval="2000" skill="40" attack="40"/>
		<attack name="poisoncondition" interval="1000" chance="17" range="7" min="-50" max="-110">
			<attribute key="shootEffect" value="poison"/>
			<attribute key="areaEffect" value="poison"/>
	</attack>
    		<attack name="energy" interval="9000" chance="70" range="7" min="-40" max="-60">
      		<attribute key="shootEffect" value="energy"/>
   	 </attack>
		<attack name="energy" interval="7000" chance="30" length="5" spread="0" min="-200" max="-290">
			<attribute key="areaEffect" value="energy"/>
		</attack>
      <attack name="energy" interval="4000" chance="50" range="7" radius="4" min="-140" max="-230">
        <attribute key="shootEffect" value="energy"/>
      </attack>
	</attacks>
	<defenses armor="22" defense="15">
		<defense name="healing" interval="1000" chance="25" min="200" max="300">
			<attribute key="areaEffect" value="blueshimmer"/>
		</defense>
	</defenses>
	<immunities>
		<immunity physical="0"/>
		<immunity energy="0"/>
		<immunity fire="0"/>
		<immunity poison="1"/>
		<immunity lifedrain="0"/>
		<immunity paralyze="0"/>
		<immunity outfit="1"/>
		<immunity drunk="1"/>
		<immunity invisible="1"/>
	</immunities>
	<summons maxSummons="6">
		<summon name="cobra" interval="1000" chance="25" max="6"/>
	</summons>
	<voices interval="5000" chance="10">
		<voice sentence="Shhhhhhhh."/>
		<voice sentence="I ssssmell warm blood!"/>
	</voices>
	<loot capacity="400">
		<item id="2654" countmax="1" chance="9000"/>
		<item id="3971" countmax="1" chance="100"/>
		<item id="2817" countmax="1" chance="70000"/>
		<item id="2237" countmax="1" chance="19900"/>
		<item id="2148" countmax="25" chance="80000"/>
		<item id="2177" countmax="1" chance="1000"/>
		<item id="2168" countmax="1" chance="200"/>
		<item id="2181" countmax="1" chance="1000"/>
		<item id="2150" countmax="1" chance="500"/>
		<item id="2182" countmax="1" chance="100"/>
		<item id="2154" countmax="1" chance="200"/>
	</loot>
</monster>