<?xml version="1.0" encoding="UTF-8"?>
<monster name="Elf Warlord" nameDescription="an elf warlord" race="blood" experience="1200" speed="220" manacost="0">
	<health now="2000" max="2000"/>
	<look type="64" head="0" body="0" legs="0" feet="0" corpse="2981"/>
	<targetchange interval="2000" chance="50"/>
	<strategy attack="100" defense="0"/>
	<flags>
		<flag summonable="0"/>
		<flag attackable="1"/>
		<flag hostile="1"/>
		<flag illusionable="1"/>
		<flag convinceable="1"/>
		<flag pushable="0"/>
		<flag canpushitems="1"/>
		<flag canpushcreatures="0"/>
		<flag targetdistance="4"/>
		<flag runonhealth="0"/>
	</flags>
	<attacks>
		<attack name="melee" interval="2000" skill="85" attack="88"/>
		<attack name="physical" interval="2500" chance="100" range="7" min="-10" max="-170">
			<attribute key="shootEffect" value="onyxarrow"/>
		</attack>
		<attack name="fire" interval="5000" chance="100" range="7" radius="4" target="1" min="-60" max="-110">
			<attribute key="shootEffect" value="fire"/>
			<attribute key="areaEffect" value="firearea"/>
		</attack>
	</attacks>
	<defenses armor="7" defense="18"/>
	<immunities>
		<immunity physical="0"/>
		<immunity energy="0"/>
		<immunity fire="0"/>
		<immunity poison="0"/>
		<immunity lifedrain="0"/>
		<immunity paralyze="0"/>
		<immunity outfit="1"/>
		<immunity drunk="1"/>
		<immunity invisible="1"/>
	</immunities>
	<voices interval="5000" chance="10">
  		 <voice sentence="Protect the Prince!!"/>
   		 <voice sentence="Intruder!"/>
	</voices>
	<loot capacity="600">
		<item id="2544" countmax="12" chance="30000"/>
		<item id="2456" countmax="1" chance="4000"/>
		<item id="2148" countmax="5" chance="30000"/>
		<item id="2681" countmax="1" chance="18000"/>
		<item id="2397" countmax="1" chance="6000"/>
		<item id="2545" countmax="3" chance="15000"/>
		<item id="2642" countmax="1" chance="10000"/>
		<item id="2484" countmax="1" chance="12000"/>
		<item id="2482" countmax="1" chance="8000"/>
		<item id="2031" countmax="1" chance="14000"/>
	</loot>
</monster>