<?xml version="1.0" encoding="UTF-8"?>
<monster name="Forest Dragon" nameDescription="a forest dragon" race="blood" experience="1100" speed="235" manacost="0">
	<health now="1200" max="1200"/>
	<look type="34" head="0" body="0" legs="0" feet="0" corpse="2844"/>
	<targetchange interval="2000" chance="5"/>
	<strategy attack="70" defense="10"/>
	<flags>
		<flag summonable="0"/>
		<flag attackable="1"/>
		<flag hostile="1"/>
		<flag illusionable="1"/>
		<flag convinceable="0"/>
		<flag pushable="0"/>
		<flag canpushitems="1"/>
		<flag canpushcreatures="1"/>
		<flag targetdistance="1"/>
		<flag runonhealth="300"/>
	</flags>
	<attacks>
		<attack name="melee" interval="2000" skill="60" attack="45"/>
		<attack name="fire" interval="1000" chance="15" range="7" radius="4" target="1" min="-85" max="-155">
			<attribute key="shootEffect" value="fire"/>
			<attribute key="areaEffect" value="firearea"/>
		</attack>
		<attack name="fire" interval="1000" chance="12" length="8" spread="3" min="-150" max="-210">
			<attribute key="areaEffect" value="firearea"/>
		</attack>
	</attacks>
	<defenses armor="25" defense="38">
		<defense name="healing" interval="1000" chance="13" min="54" max="76">
			<attribute key="areaEffect" value="blueshimmer"/>
		</defense>
	</defenses>
	<immunities>
		<immunity physical="0"/>
		<immunity energy="0"/>
		<immunity fire="1"/>
		<immunity poison="1"/>
		<immunity lifedrain="0"/>
		<immunity paralyze="1"/>
		<immunity outfit="1"/>
		<immunity drunk="1"/>
		<immunity invisible="1"/>
	</immunities>
	<voices interval="5000" chance="10">
		<voice sentence="GROOAAARRR" yell="1"/>
		<voice sentence="FCHHHHH" yell="1"/>
	</voices>
	<loot capacity="800">
		<item id="2413" countmax="1" chance="2000"/>
		<item id="2546" countmax="10" chance="8000"/>
		<item id="2455" countmax="1" chance="10000"/>
		<item id="2387" countmax="1" chance="1000"/>
		<item id="2672" countmax="3" chance="45000"/>
		<item id="2434" countmax="1" chance="500"/>
		<item id="2516" countmax="1" chance="300"/>
		<item id="2148" countmax="45" chance="80000"/>
		<item id="2148" countmax="60" chance="50000"/>
		<item id="2177" countmax="1" chance="100"/>
		<item id="2397" countmax="1" chance="4000"/>
		<item id="2398" countmax="1" chance="20000"/>
		<item id="2647" countmax="1" chance="2000"/>
		<item id="2409" countmax="1" chance="500"/>
		<item id="2406" countmax="1" chance="25000"/>
		<item id="2145" countmax="1" chance="400"/>
		<item id="2457" countmax="1" chance="3000"/>
		<item id="2509" countmax="1" chance="15000"/>
		<item id="2187" countmax="1" chance="1000"/>
	</loot>
</monster>