<?xml version="1.0" encoding="UTF-8"?>
<monster name="Guard" nameDescription="a guard of the forgotten city" race="blood" experience="800" speed="390" manacost="0">
	<health now="1000" max="1000"/>
 	<look type="131" head="76" body="76" legs="76" feet="95" corpse="3128" addons="2"/>
	<targetchange interval="2000" chance="5"/>
	<strategy attack="80" defense="10"/>
	<flags>
		<flag summonable="0"/>
		<flag attackable="1"/>
		<flag hostile="1"/>
		<flag illusionable="0"/>
		<flag convinceable="0"/>
		<flag pushable="0"/>
		<flag canpushitems="1"/>
		<flag canpushcreatures="1"/>
		<flag targetdistance="1"/>
		<flag runonhealth="0"/>
	</flags>
	<attacks>
		<attack name="melee" interval="2000" skill="80" attack="60"/>
	</attacks>
	<defenses armor="35" defense="50">
		<defense name="speed" interval="5000" chance="30" speedchange="500" duration="20000">
			<attribute key="areaEffect" value="redshimmer"/>
		</defense>
  	</defenses>
	<immunities>
		<immunity physical="0"/>
		<immunity energy="1"/>
		<immunity fire="1"/>
		<immunity poison="1"/>
		<immunity lifedrain="0"/>
		<immunity paralyze="1"/>
		<immunity outfit="1"/>
		<immunity drunk="1"/>
		<immunity invisible="1"/>
	</immunities>
	<voices interval="5000" chance="10">
    		<voice sentence="Leave!"/>
    		<voice sentence="Leave this town!"/>
    		<voice sentence="Leave now!"/>
    		<voice sentence="INTRUDER!"/>
	</voices>
	<loot capacity="800">
		<item id="2544" countmax="13" chance="27000"/>
		<item id="2456" countmax="1" chance="13000"/>
		<item id="2487" countmax="1" chance="600"/>
		<item id="2491" countmax="1" chance="500"/>
		<item id="2488" countmax="1" chance="500"/>
		<item id="2519" countmax="1" chance="400"/>
		<item id="2392" countmax="1" chance="500"/>
		<item id="2148" countmax="100" chance="60000"/>
		<item id="2681" countmax="1" chance="20000"/>
		<item id="2652" countmax="1" chance="8000"/>
		<item id="2071" countmax="1" chance="15000"/>
		<item id="2666" countmax="2" chance="18000"/>
		<item id="2164" countmax="1" chance="500"/>
		<item id="2744" countmax="1" chance="20000"/>
		<item id="2120" countmax="1" chance="20000"/>
		<item id="2661" countmax="1" chance="12000"/>
		<item id="1949" countmax="1" chance="45000"/>
		<item id="2377" countmax="1" chance="1500"/>
		<item id="2391" countmax="1" chance="1000"/>
		<item id="2121" countmax="1" chance="5000"/>
	</loot>
</monster>