<?xml version="1.0" encoding="UTF-8"?>
<monster name="Lumenia" nameDescription="princess Lumenia" race="blood" experience="1350" speed="300" manacost="0">
	<health now="1500" max="1500"/>
        <look type="141" head="71" body="132" legs="71" feet="1" corpse="3065"/>
	<targetchange interval="2000" chance="5"/>
	<strategy attack="80" defense="10"/>
	<flags>
		<flag summonable="0"/>
		<flag attackable="1"/>
		<flag hostile="1"/>
		<flag illusionable="0"/>
		<flag convinceable="0"/>
		<flag pushable="0"/>
		<flag canpushitems="1"/>
		<flag canpushcreatures="1"/>
		<flag targetdistance="1"/>
		<flag runonhealth="0"/>
	</flags>
	<attacks>
		<attack name="melee" interval="2000" skill="85" attack="62"/>
		<attack name="physical" interval="3000" chance="70" range="7" min="-70" max="-170">
			<attribute key="shootEffect" value="bolt"/>
		</attack>
	</attacks>
	<defenses armor="35" defense="50">
		<defense name="healing" interval="3000" chance="100" min="200" max="250">
			<attribute key="areaEffect" value="blueshimmer"/>
		</defense>
	</defenses>
	<immunities>
		<immunity physical="0"/>
		<immunity energy="1"/>
		<immunity fire="1"/>
		<immunity poison="1"/>
		<immunity lifedrain="0"/>
		<immunity paralyze="1"/>
		<immunity outfit="1"/>
		<immunity drunk="1"/>
		<immunity invisible="1"/>
	</immunities>
		<voices interval="5000" chance="10">
   		<voice sentence="Let's have a fight!"/>
 		<voice sentence="Wheres my Hero?"/>
    		<voice sentence="OHH I NEED MY HERO..."/>
   		<voice sentence="Welcome to my battleground!"/>
	</voices>
	<loot capacity="800">
		<item id="2544" countmax="13" chance="27000"/>
		<item id="2456" countmax="1" chance="13000"/>
		<item id="2487" countmax="1" chance="600"/>
		<item id="2491" countmax="1" chance="500"/>
		<item id="2488" countmax="1" chance="500"/>
		<item id="2519" countmax="1" chance="400"/>
		<item id="2392" countmax="1" chance="500"/>
		<item id="2148" countmax="100" chance="60000"/>
		<item id="2681" countmax="1" chance="20000"/>
		<item id="2652" countmax="1" chance="8000"/>
		<item id="2071" countmax="1" chance="15000"/>
		<item id="2666" countmax="2" chance="18000"/>
		<item id="2164" countmax="1" chance="500"/>
		<item id="2744" countmax="1" chance="20000"/>
		<item id="2120" countmax="1" chance="20000"/>
		<item id="2661" countmax="1" chance="12000"/>
		<item id="1949" countmax="1" chance="45000"/>
		<item id="2377" countmax="1" chance="1500"/>
		<item id="2391" countmax="1" chance="1000"/>
		<item id="2121" countmax="1" chance="5000"/>
	</loot>
</monster>