<?xml version="1.0" encoding="UTF-8"?>
<monster name="Orc Champion" nameDescription="an orc guard" race="blood" experience="10000" speed="350" manacost="0">
	<health now="1010" max="1010"/>
	<look type="8" head="0" body="0" legs="0" feet="0" corpse="2864"/>
	<targetchange interval="2000" chance="10"/>
	<strategy attack="60" defense="40"/>
	<flags>
		<flag summonable="1"/>
		<flag attackable="1"/>
		<flag hostile="1"/>
		<flag illusionable="1"/>
		<flag convinceable="1"/>
		<flag pushable="0"/>
		<flag canpushitems="1"/>
		<flag canpushcreatures="1"/>
		<flag targetdistance="1"/>
		<flag runonhealth="0"/>
	</flags>
	<attacks>
		<attack name="melee" interval="2000" skill="20" attack="50"/>
			<attack name="physical" interval="1000" chance="10" range="7" target="1" min="-40" max="-150">
			<attribute key="shootEffect" value="redstar"/>
			</attack>
	</attacks>
	<defenses armor="12" defense="12">
		<defense name="speed" interval="7000" chance="60" speedchange="600" duration="6000">
			<attribute key="areaEffect" value="redshimmer"/>
		</defense>
	</defenses>
	<immunities>
		<immunity physical="0"/>
		<immunity energy="0"/>
		<immunity fire="0"/>
		<immunity poison="1"/>
		<immunity lifedrain="0"/>
		<immunity paralyze="0"/>
		<immunity outfit="0"/>
		<immunity drunk="0"/>
		<immunity invisible="0"/>
	</immunities>
	<voices interval="5000" chance="10">
		<voice sentence="CRARRGG GROARR!" yell="1"/>
	</voices>
	<loot capacity="400">
		<item id="2378" countmax="1" chance="6000"/>
		<item id="2464" countmax="1" chance="10000"/>
		<item id="2458" countmax="1" chance="11000"/>
		<item id="2148" countmax="12" chance="55000"/>
		<item id="2381" countmax="1" chance="7000"/>
		<item id="2671" countmax="1" chance="17000"/>
		<item id="2044" countmax="1" chance="8000"/>
	</loot>
</monster>