<?xml version="1.0" encoding="UTF-8"?>
<monster name="Training Monk" nameDescription="a Training Monk" race="blood" experience="0" speed="250" manacost="1000">
	<health now="900000" max="900000"/>
	<look type="57" head="0" body="0" legs="0" feet="0" corpse="3058"/>
	<targetchange interval="2000" chance="5"/>
	<strategy attack="70" defense="20"/>
	<flags>
		<flag summonable="0"/>
		<flag attackable="1"/>
		<flag hostile="1"/>
		<flag illusionable="1"/>
		<flag convinceable="0"/>
		<flag pushable="0"/>
		<flag canpushitems="1"/>
		<flag canpushcreatures="1"/>
		<flag targetdistance="1"/>
		<flag runonhealth="0"/>
	</flags>
	<attacks>
		<attack name="melee" interval="2000" skill="55" attack="1"/>
	</attacks>
	<defenses armor="25" defense="52">
		<defense name="healing" interval="1000" chance="1000" min="1000000" max="10000000">
			<attribute key="areaEffect" value="blueshimmer"/>
		</defense>
		<defense name="speed" interval="1000" chance="10" speedchange="1100" duration="2000">
			<attribute key="areaEffect" value="redshimmer"/>
		</defense>
	</defenses>
	<immunities>
		<immunity physical="0"/>
		<immunity energy="0"/>
		<immunity fire="0"/>
		<immunity poison="0"/>
		<immunity lifedrain="0"/>
		<immunity paralyze="0"/>
		<immunity outfit="1"/>
		<immunity drunk="1"/>
		<immunity invisible="1"/>
	</immunities>
	<voices interval="5000" chance="10">
		<voice sentence="You think you are strong?!?"/>
	</voices>
	<loot capacity="500">
	</loot>
</monster>