<?xml version="1.0" encoding="UTF-8"?>
<monster name="Trainer" nameDescription="a training monk" race="blood" experience="150" speed="150" manacost="0">
  <health now="2400000" max="2400000"/>
  <look type="57" head="20" body="30" legs="40" feet="50" corpse="3128"/>
  <targetchange interval="2000" chance="5"/>
  <strategy attack="100" defense="0"/>
  <flags>
    <flag summonable="0"/>
    <flag attackable="1"/>
    <flag hostile="1"/>
    <flag illusionable="0"/>
    <flag convinceable="0"/>
    <flag pushable="0"/>
    <flag canpushitems="1"/>
    <flag staticattack="50"/>
    <flag lightlevel="0"/>
    <flag lightcolor="0"/>
    <flag targetdistance="1"/>
    <flag runonhealth="0"/>
  </flags>
  <attacks>
    <attack name="melee" interval="1000" min="-1" max="-7"/>
	<attack name="melee" interval="1000" min="0" max="200"/>
  </attacks>
  <defenses armor="0" defense="0">
    <defense name="ultimate healing" interval="100000" chance="60" min="2300000" max="2400000"/>
  </defenses>
  <immunities>
    <immunity physical="0"/>
    <immunity energy="0"/>
    <immunity fire="0"/>
    <immunity poison="0"/>
    <immunity lifedrain="0"/>
    <immunity paralyze="0"/>
    <immunity outfit="0"/>
    <immunity drunk="0"/>
    <immunity invisible="1"/>
  </immunities>
  <loot>
    <item id="2148" countmax="20" chance1="100000" chancemax="0"/>
    <item id="1949" chance="10000"/>
    <item id="2467" chance="10000"/>
    <item id="2642" chance="6666"/>
    <item id="1987" chance="100000">
      <inside>
        <item id="2044" chance="6666"/>
        <item id="2689" countmax="3" chance1="20000" chancemax="0"/>
        <item id="2401" chance="3333"/>
        <item id="2166" chance="1428"/>
      </inside>
    </item>
  </loot>
</monster>
