﻿<?xml version="1.0" encoding="UTF-8"?>
<monster name="carniphila" nameDescription="a carniphila" race="VENOM" experience="150" speed="220" manacost="0">
  <health now="255" max="255"/>
  <look type="120" head="20" body="30" legs="40" feet="50" corpse="6047"/>
  <targetchange interval="5000" chance="8"/>
  <strategy attack="100" defense="0"/>
  <flags>
    <flag summonable="0"/>
    <flag attackable="1"/>
    <flag hostile="1"/>
    <flag illusionable="0"/>
    <flag convinceable="0"/>
    <flag pushable="0"/>
    <flag canpushitems="1"/>
    <flag canpushcreatures="1"/>
    <flag targetdistance="1"/>
    <flag staticattack="90"/>
    <flag runonhealth="0"/>
  </flags>
  <attacks>
    <attack name="melee" interval="2000" skill="40" attack="40" poison="95"/>
    <attack name="earth" interval="1000" chance="13" range="7" min="-60" max="-90">
      <attribute key="shootEffect" value="earth"/>
    </attack>
    <attack name="speed" interval="1000" chance="20" range="7" speedchange="-850" duration="30000">
      <attribute key="shootEffect" value="poison"/>
      <attribute key="areaEffect" value="greenspark"/>
    </attack>
    <attack name="earth" interval="1000" chance="12" radius="3" target="0" min="-40" max="-130">
      <attribute key="areaEffect" value="poison"/>
    </attack>
  </attacks>
  <defenses armor="25" defense="15"/>
  <elements>
  <element firePercent="-20"/>
  <element energyPercent="10"/>
  <element icePercent="7"/>
  </elements>
  <immunities>
    <immunity earth="1"/>
    <immunity invisible="1"/>
  </immunities>
  <loot>
    <item id="2804" chance="3000"/> 
    <item id="2802" chance="5000"/>
    <item id="2792" chance="2500"/>
    <item id="7732" countmax="10" chance1="50000" chancemax="0"/>
  </loot>
</monster>
