﻿<?xml version="1.0" encoding="UTF-8"?>
<monster name="slime" nameDescription="a slime" race="VENOM" experience="160" speed="120" manacost="0">
  <health now="150" max="150"/>
  <look type="19" head="20" body="30" legs="40" feet="50" corpse="1496"/>
  <targetchange interval="5000" chance="8"/>
  <strategy attack="100" defense="0"/>
  <flags>
    <flag summonable="0"/>
    <flag attackable="1"/>
    <flag hostile="1"/>
    <flag illusionable="0"/>
    <flag convinceable="0"/>
    <flag pushable="0"/>
    <flag canpushitems="1"/>
    <flag canpushcreatures="0"/>
    <flag targetdistance="1"/>
    <flag staticattack="90"/>
    <flag runonhealth="0"/>
  </flags>
  <attacks>
    <attack name="melee" interval="2000" skill="30" attack="35"/>
  </attacks>
  <defenses armor="0" defense="0"/>
  <immunities>
    <immunity earth="1"/>
  </immunities>
  <elements>
	<element firePercent="-10"/>
	<element energyPercent="-10"/>
	<element icePercent="10"/>
  </elements>
  <summons maxSummons="3">
    <summon name="slime2" interval="1000" chance="10" max="3"/>
  </summons>
</monster>
