﻿<?xml version="1.0" encoding="UTF-8"?>
<monster name="spit nettle" nameDescription="a spit nettle" race="venom" experience="20" speed="0" manacost="0">
  <health now="150" max="150"/>
  <look type="221" head="20" body="30" legs="40" feet="50" corpse="6062"/>
  <targetchange interval="5000" chance="8"/>
  <strategy attack="100" defense="0"/>
  <flags>
    <flag summonable="0"/>
    <flag attackable="1"/>
    <flag hostile="1"/>
    <flag illusionable="0"/>
    <flag convinceable="0"/>
    <flag pushable="0"/>
    <flag canpushitems="0"/>
    <flag canpushcreatures="0"/>
    <flag targetdistance="1"/>
    <flag staticattack="100"/>
    <flag runonhealth="0"/>
  </flags>
  <attacks>
    <attack name="poison" interval="1000" chance="15" range="7" radius="1" target="1" min="-15" max="-20">
      <attribute key="shootEffect" value="poison"/>
    </attack>
  </attacks>
  <defenses armor="30" defense="13">
    <defense name="healing" interval="1000" chance="13" min="8" max="16">
      <attribute key="areaEffect" value="blueshimmer"/>
    </defense>
  </defenses>
  <immunities>
    <immunity physical="0"/>
    <immunity energy="1"/>
    <immunity fire="0"/>
    <immunity poison="1"/>
    <immunity lifedrain="1"/>
    <immunity paralyze="1"/>
    <immunity outfit="1"/>
    <immunity drunk="1"/>
    <immunity invisible="1"/>
  </immunities>
  <loot>
  </loot>
</monster>
