﻿<?xml version="1.0" encoding="UTF-8"?>
<monster name="Tiquandas Revenge" nameDescription="a tiquandas revenge" race="VENOM" experience="2635" speed="230" manacost="0">
  <health now="2400" max="2400"/>
  <look type="120" head="20" body="30" legs="40" feet="50" corpse="6047"/>
  <targetchange interval="5000" chance="8"/>
  <strategy attack="100" defense="0"/>
  <flags>
    <flag summonable="0"/>
    <flag attackable="1"/>
    <flag hostile="1"/>
    <flag illusionable="0"/>
    <flag convinceable="0"/>
    <flag pushable="0"/>
    <flag canpushitems="1"/>
    <flag canpushcreatures="1"/>
    <flag targetdistance="1"/>
    <flag staticattack="90"/>
    <flag runonhealth="0"/>
  </flags>
  <attacks>
    <attack name="melee" interval="2000" skill="80" attack="85" poison="90"/>
    <attack name="earth" interval="1000" chance="13" range="7" min="0" max="-200">
      <attribute key="shootEffect" value="earth"/>
    </attack>
    <attack name="speed" interval="1000" chance="20" range="7" speedchange="-900" duration="30000">
      <attribute key="shootEffect" value="poison"/>
      <attribute key="areaEffect" value="greenshimmer"/>
    </attack>
    <attack name="earth" interval="1000" chance="12" radius="3" target="0" min="-100" max="-250">
      <attribute key="areaEffect" value="poison"/>
    </attack>
  </attacks>
	<defenses armor="30" defense="45">
		<defense name="healing" interval="1000" chance="25" min="200" max="400">
			<attribute key="areaEffect" value="blueshimmer"/>
		</defense>
		<defense name="speed" interval="3000" chance="17" sppedchange="280" duration="10000"/>
	</defenses>
	<elements>
		<element firePercent="-20"/>
		<element deathPercent="10"/>
		<element icePercent="8"/>
		<element physicalPercent="15"/>
	</elements>
  <immunities>
    <immunity earth="1"/>
    <immunity invisible="1"/>
  </immunities>
  <loot>
	<item id="2666" countmax="50" chance1="60000" chancemax="3000"/>
    <item id="2804" chance="3000"/> 
    <item id="2802" chance="5000"/>
    <item id="2792" countmax="8" chance1="8000" chancemax="0"/>
	<item id="5015" chance="100000"/>
    <item id="7732" countmax="3" chance1="50000" chancemax="0"/>
  </loot>
</monster>
