﻿<?xml version="1.0" encoding="utf-8"?>
<monster name="centipede" namedescription="a centipede" race="venom" experience="30" speed="195" manacost="335">
  <health now="70" max="70"/>
  <look type="124" head="20" body="30" legs="40" feet="50" corpse="6050"/>
  <targetchange interval="5000" chance="8"/>
  <strategy attack="100" defense="0"/>
  <flags>
    <flag summonable="1"/>
    <flag attackable="1"/>
    <flag hostile="1"/>
    <flag illusionable="1"/>
    <flag convinceable="1"/>
    <flag pushable="1"/>
    <flag canpushitems="1"/>
    <flag canpushcreatures="0"/>
    <flag targetdistance="1"/>
    <flag staticattack="90"/>
    <flag runonhealth="0"/>
  </flags>
  <attacks>
    <attack name="melee" interval="2000" skill="30" attack="24" poison="22"/>
  </attacks>
  <defenses armor="4" defense="3"/>
  <immunities>
    <immunity physical="0"/>
    <immunity energy="0"/>
    <immunity fire="0"/>
    <immunity poison="1"/>
    <immunity lifedrain="0"/>
    <immunity paralyze="0"/>
    <immunity outfit="0"/>
    <immunity drunk="0"/>
    <immunity invisible="0"/>
  </immunities>
  <loot>
    <item id="3976" countmax="10" chance1="50000" chancemax="0"/>
    <item id="2148" countmax="32" chance1="100000" chancemax="0"/>
    <item id="2480" chance="3333"/>
    <item id="2530" chance="2857"/>
    <item id="3976" countmax="10" chance1="50000" chancemax="0"/>
    <item id="1987" chance="100000">
      <inside>
        <item id="2398" chance="3333"/>
        <item id="2671" countmax="2" chance1="20000" chancemax="0"/>
        <item id="2376" chance="10000"/>
        <item id="2412" chance="2222"/>
      </inside>
    </item>
  </loot>
</monster>
