﻿<?xml version="1.0" encoding="UTF-8"?>
<monster name="larva" nameDescription="a larva" race="VENOM" experience="40" speed="135" manacost="355">
  <health now="70" max="70"/>
  <look type="82" head="20" body="30" legs="40" feet="50" corpse="6023"/>
  <targetchange interval="5000" chance="8"/>
  <strategy attack="100" defense="0"/>
  <flags>
    <flag summonable="1"/>
    <flag attackable="1"/>
    <flag hostile="1"/>
    <flag illusionable="1"/>
    <flag convinceable="1"/>
    <flag pushable="1"/>
    <flag canpushitems="0"/>
    <flag canpushcreatures="0"/>
    <flag targetdistance="1"/>
    <flag staticattack="90"/>
    <flag runonhealth="0"/>
  </flags>
  <attacks>
    <attack name="melee" interval="2000" skill="25" attack="25" poison="10"/>
  </attacks>
  <defenses armor="14" defense="14"/>
  <immunities>
    <immunity physical="0"/>
    <immunity energy="0"/>
    <immunity fire="0"/>
    <immunity poison="1"/>
    <immunity lifedrain="0"/>
    <immunity paralyze="1"/>
    <immunity outfit="0"/>
    <immunity drunk="0"/>
    <immunity invisible="0"/>
  </immunities>
  <loot>
    <item id="2148" countmax="8" chance1="100000" chancemax="0"/>
    <item id="2666" countmax="1" chance1="80000" chancemax="0"/>
  </loot>
</monster>
