﻿<?xml version="1.0" encoding="UTF-8"?>
<monster name="carrion worm" nameDescription="a carrion worm" race="blood" experience="70" speed="180" manacost="280">
  <health now="145" max="145"/>
  <look type="192" head="0" body="0" legs="0" feet="0" corpse="6069"/>
  <targetchange interval="2000" chance="0"/>
  <strategy attack="100" defense="0"/>
  <flags>
    <flag summonable="0"/>
    <flag attackable="1"/>
    <flag hostile="1"/>
    <flag illusionable="0"/>
    <flag convinceable="1"/>
    <flag pushable="0"/>
    <flag canpushitems="0"/>
    <flag canpushcreatures="0"/>
    <flag targetdistance="1"/>
    <flag staticattack="90"/>
    <flag runonhealth="0"/>
  </flags>
  <attacks>
    <attack name="melee" interval="2000" skill="18" attack="18"/>
  </attacks>
  <defenses armor="13" defense="13"/>
  <elements>
	<element earthPercent="20"/>
	<element firePercent="-5"/>
	<element icePercent="-5"/>
	<element energyPercent="5"/>
  </elements>
  <immunities/>
  <loot>
    <item id="2148" countmax="49" chance1="100000" chancemax="0"/> --Gold
    <item id="3976" countmax="5" chance1="20000" chancemax="0"/> --Worm
    <item id="2530" chance="2000"/>
    <item id="1987" chance="100000"> --Bag
      <inside>
        <item id="2398" chance="3333"/>
        <item id="2671" countmax="2" chance1="20000" chancemax="0"/>
        <item id="2376" chance="10000"/>
		<item id="2463" chance="1200"/>
      </inside>
    </item>
  </loot>
</monster>
