﻿<?xml version="1.0" encoding="UTF-8"?>
<monster name="rotworm" nameDescription="a rotworm" race="blood" experience="40" speed="165" manacost="0">
  <health now="65" max="65"/>
  <look type="26" head="20" body="30" legs="40" feet="50" corpse="5967"/>
  <targetchange interval="2000" chance="0"/>
  <strategy attack="100" defense="0"/>
  <flags>
    <flag summonable="0"/>
    <flag attackable="1"/>
    <flag hostile="1"/>
    <flag illusionable="0"/>
    <flag convinceable="1"/>
    <flag pushable="0"/>
    <flag canpushitems="0"/>
    <flag canpushcreatures="0"/>
    <flag targetdistance="1"/>
    <flag staticattack="90"/>
    <flag runonhealth="0"/>
  </flags>
  <attacks>
    <attack name="melee" interval="2000" skill="12" attack="12"/>
  </attacks>
  <defenses armor="8" defense="11"/>
  <immunities/>
  <loot>
    <item id="2148" countmax="27" chance1="100000" chancemax="0"/>
    <item id="2480" chance="1500"/>
    <item id="2530" chance="2857"/>
    <item id="1987" chance="100000">
      <inside>
        <item id="2666" countmax="1" chance="20000"/>
		<item id="3976" countmax="5" chance1="50000" chancemax="0"/>
        <item id="2398" chance="3333"/>
        <item id="2671" countmax="2" chance1="20000" chancemax="0"/>
        <item id="2376" chance="10000"/>
        <item id="2412" chance="1000"/>
      </inside>
    </item>
  </loot>
</monster>
