﻿<?xml version="1.0" encoding="UTF-8"?>
<monster name="Stonecracker" nameDescription="a stonecracker" race="undead" experience="3500" speed="310" manacost="0">
  <health now="4000" max="4000"/>
  <look type="55" head="0" body="0" legs="0" feet="0" corpse="5999"/>
  <targetchange interval="5000" chance="8"/>
  <strategy attack="100" defense="0"/>
  <flags>
    <flag summonable="0"/>
    <flag attackable="1"/>
    <flag hostile="1"/>
    <flag illusionable="0"/>
    <flag convinceable="0"/>
    <flag pushable="0"/>
    <flag canpushitems="1"/>
    <flag canpushcreatures="1"/>
    <flag targetdistance="1"/>
    <flag staticattack="80"/>
    <flag runonhealth="0"/>
  </flags>
  <attacks>
    <attack name="melee" interval="2000" skill="85" attack="95"/>
    <attack name="physical" interval="2000" chance="16" range="7" min="-200" max="-280">
      <attribute key="shootEffect" value="largerock"/>
    </attack>
  </attacks>
  <defenses armor="40" defense="45">
    <defense name="speed" interval="1000" chance="7" speedchange="350" duration="4000">
      <attribute key="areaEffect" value="redshimmer"/>
    </defense>
  </defenses>
	<elements>
		<element energyPercent="15"/>
		<element holyPercent="30"/>
		<element physicalPercent="20"/>
	</elements>
  <immunities>
    <immunity paralyze="1"/>
    <immunity invisible="1"/>
  </immunities>
  <voices interval="5000" chance="10">
    <voice sentence="HUAHAHA" yell="1"/>
  </voices>
  <loot>
    <item id="2148" countmax="70" chance="100000"/>
    <item id="2671" countmax="3" chance="10000"/>
    <item id="2023" chance="11000"/>
    <item id="7368" countmax="7" chance="1200"/>
    <item id="2174" countmax="1" chance="800"/>
    <item id="2387" chance="2000"/>
    <item id="2377" chance="4000"/>
    <item id="2231" countmax="1" chance="7000"/>
    <item id="5930" countmax="2" chance="4000"/>
    <item id="2393" chance="9488"/>
    <item id="2454" chance="6688"/>
    <item id="2150" countmax="2" chance="4000"/>
    <item id="1987" chance="100000">
      <inside>
        <item id="2463" countmax="1" chance="2000"/>
        <item id="2553" countmax="1" chance="6000"/>
        <item id="2666" countmax="6" chance="40000"/>
        <item id="2489" countmax="1" chance="3000"/>
        <item id="2125" chance="300"/>
        <item id="2148" countmax="40" chance="100000"/>
        <item id="2416" countmax="1" chance="15000"/>
        <item id="2645" chance="400"/>
        <item id="2188" chance="1000"/>
        <item id="2161" chance="3333"/>
        <item id="5930" countmax="1" chance="1500"/>
        <item id="5893" countmax="1" chance="1200"/>
      </inside>
    </item>
  </loot>
</monster>
