﻿<?xml version="1.0" encoding="UTF-8"?>
<monster name="bandit" nameDescription="a bandit" race="blood" experience="65" speed="180" manacost="450">
  <health now="245" max="245"/>
  <look type="129" head="58" body="59" legs="45" feet="114" corpse="6080"/>
  <targetchange interval="5000" chance="8"/>
  <strategy attack="100" defense="0"/>
  <flags>
    <flag summonable="1"/>
    <flag attackable="1"/>
    <flag hostile="1"/>
    <flag illusionable="1"/>
    <flag convinceable="1"/>
    <flag pushable="1"/>
    <flag canpushitems="1"/>
    <flag canpushcreatures="0"/>
    <flag targetdistance="1"/>
    <flag staticattack="90"/>
    <flag runonhealth="25"/>
  </flags>
  <attacks>
    <attack name="melee" interval="2000" skill="47" attack="40"/>
  </attacks>
  <defenses armor="11" defense="15"/>
  <immunities>
    <immunity physical="0"/>
    <immunity energy="0"/>
    <immunity fire="0"/>
    <immunity poison="0"/>
    <immunity lifedrain="0"/>
    <immunity paralyze="0"/>
    <immunity outfit="0"/>
    <immunity drunk="0"/>
    <immunity invisible="0"/>
  </immunities>
  <voices interval="5000" chance="10">
    <voice sentence="Your money or your life!"/>
    <voice sentence="Hand me your purse!"/>
  </voices>
  <loot>
    <item id="2148" countmax="15" chance1="100000" chancemax="0"/>
    <item id="2388" chance="6666"/>
    <item id="2386" chance="5000"/>
    <item id="2484" chance="20000"/>
    <item id="2530" chance="6666"/>
    <item id="2649" chance="10000"/>
    <item id="3976" countmax="10" chance1="50000" chancemax="0"/>
    <item id="1987" chance="100000">
      <inside>
        <item id="2787" countmax="2" chance1="20000" chancemax="0"/>
      </inside>
    </item>
  </loot>
</monster>
