﻿<?xml version="1.0" encoding="UTF-8"?>
<monster name="hero" nameDescription="a hero" race="blood" experience="1200" speed="268" manacost="0">
  <health now="1400" max="1400"/>
  <look type="73" head="20" body="30" legs="40" feet="50" corpse="6080"/>
  <targetchange interval="5000" chance="8"/>
  <strategy attack="100" defense="0"/>
  <flags>
    <flag summonable="0"/>
    <flag attackable="1"/>
    <flag hostile="1"/>
    <flag illusionable="0"/>
    <flag convinceable="0"/>
    <flag pushable="0"/>
    <flag canpushitems="1"/>
    <flag canpushcreatures="1"/>
    <flag targetdistance="1"/>
    <flag staticattack="90"/>
    <flag runonhealth="0"/>
  </flags>
  <attacks>
    <attack name="melee" interval="2000" skill="80" attack="75"/>
    <attack name="physical" interval="2000" chance="20" range="7" min="-0" max="-120">
      <attribute key="shootEffect" value="arrow"/>
    </attack>
  </attacks>
  <defenses armor="30" defense="20">
    <defense name="healing" interval="1000" chance="10" min="200" max="250">
      <attribute key="areaEffect" value="blueshimmer"/>
    </defense>
  </defenses>
  <elements>
  <element firePercent="30"/>
    <element physicalPercent="20"/>
	<element holyPercent="25"/>
	  <element deathPercent="-20"/>
	    <element earthPercent="50"/>
		  <element energyPercent="25"/>
		    <element icePercent="15"/>
			</elements>
  <immunities>
    <immunity paralyze="1"/>
    <immunity invisible="1"/>
  </immunities>
  <voices interval="5000" chance="10">
    <voice sentence="Let's have a fight!"/>
    <voice sentence="Welcome to my battleground."/>
    <voice sentence="Have you seen princess Lumelia?"/>
    <voice sentence="I will sing a tune at your grave."/>
  </voices>
  <loot>
    <item id="2491" chance="1200"/>
    <item id="2148" countmax="100" chance1="100000" chancemax="0"/>
    <item id="2120" chance="20000"/>
    <item id="1949" chance="10000"/>
    <item id="2456" chance="10000"/>
    <item id="2661" chance="12000"/>
    <item id="2681" chance="10000"/>
    <item id="2121" chance="6666"/>
    <item id="2666" countmax="3" chance1="20000" chancemax="0"/>
    <item id="5911" countmax="1" chance1="10000" chancemax="0"/>
    <item id="1987" chance="100000">
      <inside>
        <item id="2377" chance="1500"/>
        <item id="2487" chance="1000"/> --crow armor
        <item id="2392" chance="700"/>
        <item id="2519" chance="900"/>
        <item id="2488" chance="800"/>
        <item id="2071" chance="1000"/>
        <item id="2544" countmax="13" chance1="20000" chancemax="0"/>
        <item id="2652" chance="1000"/>
        <item id="2164" chance="1000"/>
        <item id="7364" countmax="8" chance="2000"/>
        <item id="2391" chance="1333"/>
        <item id="2744" chance="2000"/>
      </inside>
    </item>
  </loot>
</monster>
