<?xml version="1.0" encoding="UTF-8"?>
<monster name="Man in the Cave" nameDescription="the Man in the Cave" race="blood" experience="555" speed="210" manacost="0">
	<health now="770" max="770"/>
	<look type="128" head="95" body="116" legs="95" feet="114" addons="2" corpse="6080"/>
	<targetchange interval="5000" chance="8"/>
	<strategy attack="100" defense="0"/>
	<flags>
		<flag summonable="0"/>
		<flag attackable="1"/>
		<flag hostile="1"/>
		<flag illusionable="0"/>
		<flag convinceable="0"/>
		<flag pushable="0"/>
		<flag canpushitems="1"/>
		<flag canpushcreatures="0"/>
		<flag targetdistance="1"/>
		<flag staticattack="90"/>
		<flag runonhealth="0"/>
	</flags>
	<attacks>
		<attack name="melee" interval="2000" skill="60" attack="30"/>
		<attack name="physical" interval="2000" chance="20" range="7" min="-10" max="-95">
			<attribute key="shootEffect" value="smallstone"/>
		</attack>
		<attack name="lifedrain" interval="1000" chance="100" range="1" min="-20" max="-30">
			<attribute key="areaEffect" value="redshimmer"/>
		</attack>
	</attacks>
	<defenses armor="30" defense="25"/>
	<immunities>
		<immunity physical="0"/>
		<immunity energy="0"/>
		<immunity fire="1"/>
		<immunity poison="0"/>
		<immunity lifedrain="1"/>
		<immunity paralyze="0"/>
		<immunity outfit="1"/>
		<immunity drunk="1"/>
		<immunity invisible="1"/>
	</immunities>
	<voices interval="2000" chance="5">
		<voice sentence="THE MONKS ARE MINE!" yell="1"/>
		<voice sentence="I will rope you up! All of you!"/>
		<voice sentence="You have been roped up!"/>
		<voice sentence="A MIC to rule them all!"/>
	</voices>
	<summons maxSummons="2">
		<summon name="Monk" interval="2000" chance="20" max="2"/>
	</summons>
	<loot>
		<item id="2148" countmax="27" chance1="100000" chancemax="0"/>
		<item id="2120" chance="20000"/>
		<item id="2120" chance="6666"/>
		<item id="2120" chance="3333"/>
		<item id="2691" chance="4000"/>
		<item id="5913" chance="2000"/>
		<item id="1987" chance="100000">
			<inside>
				<item id="7290" chance="4000"/>
				<item id="7463" chance="6666"/>
				<item id="7386" chance="6666"/>
				<item id="7458" chance="1000"/>
				<item id="2173" chance="500"/>
			</inside>
		</item>
	</loot>
</monster>