<?xml version="1.0" encoding="UTF-8"?>
<monster name="wild warrior" nameDescription="a wild warrior" race="blood" experience="55" speed="215" manacost="420">
  <health now="120" max="120"/>
  <look type="131" head="57" body="57" legs="57" feet="57" corpse="6080"/>
  <targetchange interval="2000" chance="0"/>
  <strategy attack="100" defense="0"/>
  <flags>
    <flag summonable="1"/>
    <flag attackable="1"/>
    <flag hostile="1"/>
    <flag illusionable="1"/>
    <flag convinceable="1"/>
    <flag pushable="1"/>
    <flag canpushitems="0"/>
    <flag canpushcreatures="0"/>
    <flag staticattack="90"/>
    <flag targetdistance="1"/>
    <flag runonhealth="10"/>
  </flags>
  <attacks>
    <attack name="melee" interval="2000" skill="46" attack="16"/>
  </attacks>
  <defenses armor="9" defense="18">
    <defense name="speed" interval="1000" chance="6" speedchange="200" duration="2000">
      <attribute key="areaEffect" value="redshimmer"/>
    </defense>
  </defenses>
  <immunities>
    <immunity physical="0"/>
    <immunity energy="0"/>
    <immunity fire="0"/>
    <immunity poison="0"/>
    <immunity lifedrain="0"/>
    <immunity paralyze="0"/>
    <immunity outfit="0"/>
    <immunity drunk="0"/>
    <immunity invisible="0"/>
  </immunities>
  <voices interval="5000" chance="10">
    <voice sentence="An enemy!"/>
    <voice sentence="Gimme your money!"/>
  </voices>
  <loot>
    <item id="2148" countmax="30" chance1="100000" chancemax="0"/>
    <item id="2511" chance="10000"/>
    <item id="2465" chance="3333"/>
    <item id="2509" chance="6666"/>
    <item id="2391" chance="100"/>
    <item id="2530" chance="5000"/>
    <item id="1987" chance="100000">
      <inside>
        <item id="2398" chance="10000"/>
        <item id="2666" countmax="2" chance1="20000" chancemax="0"/>
        <item id="2649" chance="20000"/>
        <item id="2391" chance="909"/>
        <item id="2110" chance="2000"/>
        <item id="2459" chance="2500"/>
      </inside>
    </item>
  </loot>
</monster>
