<?xml version="1.0" encoding="UTF-8"?>
<monster name="Deathbringer" nameDescription="deathbringer" race="undead" experience="15300" speed="450" manacost="0">
  <health now="30000" max="30000"/>
  <look type="231" corpse="7349"/>
  <targetchange interval="5000" chance="8"/>
  <strategy attack="100" defense="0"/>
  <flags>
    <flag summonable="0"/>
    <flag attackable="1"/>
    <flag hostile="1"/>
    <flag illusionable="0"/>
    <flag convinceable="0"/>
    <flag pushable="0"/>
    <flag canpushitems="1"/>
    <flag canpushcreatures="1"/>
    <flag targetdistance="1"/>
    <flag staticattack="85"/>
    <flag runonhealth="0"/>
  </flags>
  <attacks>
    <attack name="melee" interval="2000" skill="180" attack="220"/>
    <attack name="physical" interval="1000" chance="12" range="7" radius="4" target="1" min="-500" max="-770">
		<attribute key="shootEffect" value="fire"/>
		<attribute key="areaEffect" value="redspark"/>
    </attack>
    <attack name="drowncondition" interval="3000" chance="20" length="8" spread="3" min="-900" max="-1200">
		<attribute key="areaEffect" value="poff"/>
    </attack>
    <attack name="earth" interval="2000" chance="20" length="8" spread="3" min="-600" max="-1250">
		<attribute key="areaEffect" value="poison"/>
    </attack>
    <attack name="lifedrain" interval="2000" chance="18" spread="3" length="8" min="0" max="-1500">
		<attribute key="areaEffect" value="greenshimmer"/>
    </attack>
    <attack name="death" interval="3000" chance="15" range="7" min="-240" max="-890">
		<attribute key="areaEffect" value="mortarea"/>
		<attribute key="shootEffect" value="suddendeath"/>
	</attack>
  </attacks>
  <defenses armor="45" defense="45"/>
  <elements>
	<element firePercent="35"/>
	<element icePercent="-15"/>
  </elements>  
  <immunities>
    <immunity death="1"/>
    <immunity energy="1"/>
    <immunity invisible="1"/>
  </immunities>
  <voices interval="5000" chance="10">
    <voice sentence="YOU FOOLS WILL PAY!"/>
    <voice sentence="YOU ALL WILL DIE!!"/>
    <voice sentence="DEATH, DESTRUCTION!"/>
    <voice sentence="I will eat your soul!"/>
  </voices>
</monster>
