<?xml version="1.0" encoding="UTF-8"?>
<monster name="Norgle Glacierbeard" nameDescription="norgle glacierbeard" race="undead" experience="2100" speed="265" manacost="0">
  <health now="4300" max="4300"/>
  <look type="257" head="20" body="30" legs="40" feet="50" corpse="7349"/>
  <targetchange interval="2000" chance="5"/>
  <strategy attack="100" defense="0"/>
  <flags>
    <flag summonable="0"/>
    <flag attackable="1"/>
    <flag hostile="1"/>
    <flag illusionable="1"/>
    <flag convinceable="1"/>
    <flag pushable="0"/>
    <flag canpushitems="1"/>
    <flag staticattack="78"/>
    <flag lightlevel="0"/>
    <flag lightcolor="0"/>
    <flag targetdistance="1"/>
    <flag runonhealth="0"/>
  </flags>
  <attacks>
    <attack name="melee" interval="2000" skill="70" attack="80"/>
	<attack name="lifedrain" interval="2000" chance="18" length="5" spread="0" min="-15" max="-165">
		<attribute key="areaEffect" value="poff"/>
	</attack>
	<attack name="speed" interval="1000" chance="12" radius="4" target="0" speedchange="-700">
		<attribute key="areaEffect" value="iceattack"/>
	</attack>
	<attack name="ice" interval="1000" chance="5" range="6" target="1" radius="4" min="-70" max="-180">
		<attribute key="areaEffect" value="stun"/>
		<attribute key="shootEffect" value="smallice"/>
	</attack>
  </attacks>
  <defenses armor="35" defense="50"/>
  <immunities>
    <immunity physical="0"/>
    <immunity energy="0"/>
    <immunity fire="0"/>
    <immunity poison="0"/>
    <immunity lifedrain="0"/>
    <immunity paralyze="0"/>
    <immunity outfit="0"/>
    <immunity drunk="0"/>
    <immunity invisible="1"/>
  </immunities>
  <voices interval="2000" chance="5">
    <voice sentence="I'll extinguish you warmbloods."/>
    <voice sentence="REVENGE!"/>
    <voice sentence="Far too hot."/>
	<voice sentence="Revenge is sweetest when served cold."/>
  </voices>
</monster>
