<?xml version="1.0" encoding="UTF-8"?>
<monster name="The Masked Marauder" nameDescription="the masked marauder" race="blood" experience="3500" speed="250" manacost="0">
  <health now="6800" max="6800"/>
  <look type="234" corpse="7349"/>
  <targetchange interval="5000" chance="8"/>
  <strategy attack="100" defense="0"/>
  <flags>
    <flag summonable="0"/>
    <flag attackable="1"/>
    <flag hostile="1"/>
    <flag illusionable="1"/>
    <flag convinceable="0"/>
    <flag pushable="0"/>
    <flag canpushitems="1"/>
    <flag canpushcreatures="1"/>
    <flag targetdistance="1"/>
    <flag staticattack="80"/>
    <flag runonhealth="0"/>
  </flags>
  <attacks>
     <attack name="melee" interval="2000" skill="90" attack="120"/> 
     <attack name="physical" interval="2000" chance="30" min="-38" max="-300"> 
		<attribute key="shootEffect" value="throwingknife"/>
	 </attack>
	<attack name="death" interval="2000" chance="15" spread="2" length="4" min="-30" max="-120">
		<attribute key="areaEffect" value="purplenote"/>
	</attack>
  </attacks>
  <defenses armor="45" defense="35"/>
  <elements>
	<element holyPercent="-20"/>
  </elements>
  <immunities>
    <immunity fire="1"/>
    <immunity paralyze="1"/>
    <immunity invisible="1"/>
  </immunities>
  <voices interval="5000" chance="10">
    <voice sentence="Didn't you leave your house door open?"/>
    <voice sentence="Oops, your shoelaces are open!"/>
  </voices>
</monster>
