<?xml version="1.0" encoding="UTF-8"?>
<monster name="The Obliverator" nameDescription="the obliverator" race="fire" experience="18000" speed="380" manacost="0">
  <health now="31500" max="31500"/>
  <look type="35" head="20" body="30" legs="40" feet="50" corpse="7349"/>
  <targetchange interval="2000" chance="5"/>
  <strategy attack="100" defense="0"/>
  <flags>
    <flag summonable="0"/>
    <flag attackable="1"/>
    <flag hostile="1"/>
    <flag illusionable="0"/>
    <flag convinceable="0"/>
    <flag pushable="0"/>
    <flag canpushitems="1"/>
    <flag staticattack="90"/>
    <flag lightlevel="0"/>
    <flag lightcolor="0"/>
    <flag targetdistance="1"/>
    <flag runonhealth="0"/>
  </flags>
  <attacks>
    <attack name="melee" interval="2000" skill="240" attack="240"/>
    <attack name="fire" interval="2000" chance="30" range="5" radius="7" target="1" min="-300" max="-950">
		<attribute key="areaEffect" value="firearea"/>
		<attribute key="shootEffect" value="fire"/>
	</attack>
    <attack name="energy" interval="3000" chance="30" length="8" spread="0" min="-600" max="-1200">
      <attribute key="areaEffect" value="energy"/>
    </attack>
  </attacks>
  <defenses armor="40" defense="45">
    <defense name="healing" interval="4000" chance="5" min="50" max="200">
		<attribute key="areaEffect" value="blueshimmer"/>
	</defense>
  </defenses>
  <immunities>
    <immunity fire="1"/>
    <immunity invisible="1"/>
  </immunities>
  <elements>
	<element holyPercent="-20"/>
	<element deathPercent="15"/>
	<element energyPercent="50"/>
  </elements>
  <summons maxSummons="2">
    <summon name="Demon" interval="2000" chance="25"/>
  </summons>
  <voices interval="1000" chance="10">
    <voice sentence="NO ONE WILL BEAT ME!"/>
  </voices>
</monster>
