﻿<?xml version="1.0" encoding="UTF-8"?>
<monster name="crocodile" nameDescription="a crocodile" race="blood" experience="40" speed="220" manacost="350">
  <health now="105" max="105"/>
  <look type="119" head="20" body="30" legs="40" feet="50" corpse="6046"/>
  <targetchange interval="5000" chance="8"/>
  <strategy attack="100" defense="0"/>
  <flags>
    <flag summonable="1"/>
    <flag attackable="1"/>
    <flag hostile="1"/>
    <flag illusionable="1"/>
    <flag convinceable="1"/>
    <flag pushable="0"/>
    <flag canpushitems="1"/>
    <flag canpushcreatures="1"/>
    <flag targetdistance="1"/>
    <flag staticattack="90"/>
    <flag runonhealth="10"/>
  </flags>
  <attacks>
    <attack name="melee" interval="2000" skill="21" attack="32"/>
  </attacks>
  <defenses armor="13" defense="5"/>
  	<elements>
	    <element physicalPercent="5"/>
		<element energyPercent="-5"/>
		<element earthPercent="20"/>
		<element icePercent="10"/>
		<element firePercent="-10"/>
	</elements>
  <immunities>
    <immunity physical="0"/>
    <immunity energy="0"/>
    <immunity fire="0"/>
    <immunity poison="0"/>
    <immunity lifedrain="0"/>
    <immunity paralyze="0"/>
    <immunity outfit="0"/>
    <immunity drunk="0"/>
    <immunity invisible="0"/>
  </immunities>
  <loot>
    <item id="2148" countmax="100" chance1="100000" chancemax="0"/>
    <item id="3982" chance="4000"/>
    <item id="3982" chance="1333"/>
    <item id="3983" chance="1000"/>
    <item id="3976" countmax="10" chance1="50000" chancemax="0"/>
  </loot>
</monster>
