<?xml version="1.0" encoding="UTF-8"?>
<monster name="Serpent Spawn" nameDescription="a serpent spawn" race="venom" experience="3050" speed="240" manacost="0">
	<health now="3000" max="3000"/>
	<look type="220" corpse="4323"/>
	<targetchange interval="5000" chance="8"/>
	<strategy attack="100" defense="0"/>
	<flags>
		<flag summonable="0"/>
		<flag attackable="1"/>
		<flag hostile="1"/>
		<flag illusionable="0"/>
		<flag convinceable="0"/>
		<flag pushable="0"/>
		<flag canpushitems="1"/>
		<flag canpushcreatures="1"/>
		<flag targetdistance="1"/>
		<flag staticattack="90"/>
		<flag runonhealth="275"/>
	</flags>
	<attacks>
		<attack name="melee" interval="2000" skill="40" attack="100"/>
		<attack name="speed" interval="2000" chance="6" range="7" speedchange="-600" duration="5000">
		</attack>			
		<attack name="earth" interval="2000" chance="7" length="8" spread="3" min="-0" max="-500">
			<attribute key="areaEffect" value="smallplants"/>
		</attack>	
		<attack name="lifedrain" interval="2000" chance="9" length="8" spread="0" min="-0" max="-500">
			<attribute key="areaEffect" value="rednote"/>
		</attack>	
		<attack name="poison" interval="2000" chance="12" range="1" min="-0" max="-300">
			<attribute key="shootEffect" value="poison"/>
			<attribute key="areaEffect" value="poison"/>
		</attack>
		<attack name="outfit" interval="2000" chance="11" range="7" item="3976" duration="4000">
			<attribute key="areaEffect" value="blueshimmer"/>
		</attack>
	</attacks>
	<defenses armor="18" defense="25">
		<defense name="healing" interval="2000" chance="10" min="250" max="400">
			<attribute key="areaEffect" value="blueshimmer"/>
		</defense>
		<defense name="speed" interval="2000" chance="8" speedchange="320" duration="5000">
			<attribute key="areaEffect" value="redshimmer"/>
		</defense>
	</defenses>
	<elements>
		<element earthPercent="100"/>
		<element icePercent="20"/>
		<element firePercent="-10"/>
		<element energyPercent="-10"/>
	</elements>
	<immunities>
		<immunity paralyze="1"/>
		<immunity invisible="1"/>
	</immunities>
	<voices interval="5000" chance="10">
		<voice sentence="Sssssouls for the one"/>
		<voice sentence="HISSSS" yell="1"/>
		<voice sentence="Tsssse one will risssse again"/>
		<voice sentence="I bring your deathhh, mortalssss"/>
	</voices>
	<loot>
    <item id="2148" countmax="100" chance="36575" /><!-- gold coin -->
    <item id="2148" countmax="100" chance="36575" /><!-- gold coin -->
    <item id="2148" countmax="45" chance="36575" /><!-- gold coin -->
    <item id="2473" chance="1075" /><!-- viking helmet -->
    <item id="7386" chance="2525" /><!-- mercenary sword -->
    <item id="2796" chance="18275" /><!-- green mushroom -->
    <item id="2547" chance="6200" /><!-- power bolt -->
    <item id="2167" chance="6150" /><!-- energy ring -->
    <item id="2479" chance="1125" /><!-- strange helmet -->
    <item id="2146" chance="12700" /><!-- small sapphire -->
    <item id="1950" chance="900" /><!-- book -->
    <item id="7590" chance="1975" /><!-- great mana potion -->
    <item id="2177" chance="1375" /><!-- life crystal -->
    <item id="2168" chance="6625" /><!-- life ring -->
    <item id="2475" chance="1100" /><!-- warrior helmet -->
    <item id="2182" chance="1650" /><!-- snakebite rod -->
    <item id="2033" chance="3600" /><!-- golden mug -->
    <item id="1987" chance="100000"><!-- bag -->
        <inside>
            <item id="7365" chance="525" /><!-- onyx arrow -->
            <item id="7456" chance="1350" /><!-- noble axe -->
            <item id="3971" chance="750" /><!-- charmer's tiara -->
            <item id="2528" chance="1250" /><!-- tower shield -->
            <item id="8902" chance="625" /><!-- spellbook of mind control -->
            <item id="8880" chance="600" /><!-- swamplair armor -->
            <item id="2498" chance="575" /><!-- royal helmet -->
            <item id="2487" chance="1075" /><!-- crown armor -->
            <item id="10610" chance="14850" /><!-- snake skin -->
            <item id="11224" chance="1450" /><!-- winged tail -->
        </inside>
    </item>
</loot>


















</monster>
