<?xml version="1.0" encoding="UTF-8"?>
<monster name="Wyvern" nameDescription="a wyvern" race="blood" experience="515" speed="200" manacost="0">
	<health now="795" max="795"/>
	<look type="239" corpse="6302"/>
	<targetchange interval="5000" chance="8"/>
	<strategy attack="100" defense="0"/>
	<flags>
		<flag summonable="0"/>
		<flag attackable="1"/>
		<flag hostile="1"/>
		<flag illusionable="1"/>
		<flag convinceable="0"/>
		<flag pushable="0"/>
		<flag canpushitems="1"/>
		<flag canpushcreatures="1"/>
		<flag targetdistance="1"/>
		<flag staticattack="90"/>
		<flag runonhealth="300"/>
	</flags>
	<attacks>
		<attack name="melee" interval="2000" skill="50" attack="40" poison="480"/>
		<attack name="poisoncondition" interval="2000" chance="15" length="8" spread="3" min="-20" max="-240">
			<attribute key="areaEffect" value="poison"/>
		</attack>
		<attack name="drunk" interval="2000" chance="13" length="8" spread="3" duration="25000">
			<attribute key="areaEffect" value="whitenote"/>
		</attack>
	</attacks>
	<defenses armor="25" defense="18">
		<defense name="healing" interval="2000" chance="11" min="76" max="84">
			<attribute key="areaEffect" value="blueshimmer"/>
		</defense>
		<defense name="speed" interval="2000" chance="10" speedchange="290" duration="5000">
			<attribute key="areaEffect" value="redshimmer"/>
		</defense>	
	</defenses>
	<elements>
		<element energyPercent="20"/>
		<element icePercent="10"/>
	</elements>
	<immunities>
		<immunity drunk="1"/>
		<immunity invisible="1"/>
	</immunities>
	<voices interval="5000" chance="10">
		<voice sentence="Shriiiek" yell="1"/>
	</voices>
	<loot>
    <item id="2672" chance="60950" /><!-- dragon ham -->
    <item id="2148" countmax="62" chance="21625" /><!-- gold coin -->
    <item id="2187" chance="1550" /><!-- wand of inferno -->
    <item id="2547" chance="3500" /><!-- power bolt -->
    <item id="10560" chance="4825" /><!-- wyvern talisman -->
    <item id="1987" chance="100000"><!-- bag -->
        <inside>
            <item id="2127" chance="1050" /><!-- emerald bangle -->
            <item id="2146" chance="1550" /><!-- small sapphire -->
            <item id="7588" chance="650" /><!-- strong health potion -->
            <item id="7408" chance="600" /><!-- wyvern fang -->
        </inside>
    </item>
</loot>




















</monster>
