<?xml version="1.0" encoding="UTF-8"?>
<monster name="Munster" nameDescription="Munster" race="blood" experience="23" speed="200" manacost="250">
	<health now="58" max="58"/>
	<look type="56" head="20" body="30" legs="40" feet="50" corpse="2813"/>
	<targetchange interval="60000" chance="0"/>
	<strategy attack="100" defense="0"/>
	<flags>
		<flag summonable="0"/>
		<flag attackable="1"/>
		<flag hostile="1"/>
		<flag illusionable="0"/>
		<flag convinceable="0"/>
		<flag pushable="1"/>
		<flag canpushitems="0"/>
		<flag staticattack="80"/>
		<flag lightlevel="0"/>
		<flag lightcolor="0"/>
		<flag targetdistance="1"/>
		<flag runonhealth="10"/>
	</flags>
	<attacks>
		<attack name="melee" interval="2000" skill="10" attack="7"/>
	</attacks>
	<defenses armor="2" defense="4"/>
	<immunities>
		<immunity physical="0"/>
		<immunity energy="0"/>
		<immunity fire="0"/>
		<immunity poison="0"/>
		<immunity lifedrain="0"/>
		<immunity paralyze="0"/>
		<immunity outfit="0"/>
		<immunity drunk="0"/>
		<immunity invisible="0"/>
	</immunities>
	<voices interval="2000" chance="5">
		<voice sentence="Meeeeep!"/>
	</voices>
	<summons maxSummons="2">
		<summon name="Rat" interval="2000" chance="20" max="2"/>
	</summons>
	<loot>
		<item id="2148" countmax="16" chance1="100000" chancemax="0"/> <!-- Gold Coins -->
		<item id="2696" chance="50000"/> <!-- Cheese -->
		<item id="1987" chance="100000">
			<inside>
				<item id="2687" countmax="1" chance1="5000" chancemax="0"/> <!-- Cookie -->
				<item id="2650" chance="50000"/> <!-- Jacket -->
				<item id="2449" chance="5000"/> <!-- Bone Club -->
			</inside>
		</item>
	</loot>
</monster>