﻿<?xml version="1.0" encoding="UTF-8"?>
<monster name="rat" nameDescription="a rat" race="blood" experience="5" speed="140" manacost="200">
  <health now="10" max="10"/>
  <look type="21" head="20" body="30" legs="40" feet="50" corpse="5964"/>
  <targetchange interval="2000" chance="0"/>
  <strategy attack="100" defense="0"/>
  <flags>
    <flag summonable="1"/>
    <flag attackable="1"/>
    <flag hostile="1"/>
    <flag illusionable="1"/>
    <flag convinceable="1"/>
    <flag pushable="1"/>
    <flag canpushitems="0"/>
    <flag canpushcreatures="0"/>
    <flag targetdistance="1"/>
    <flag staticattack="90"/>
    <flag runonhealth="5"/>
  </flags>
  <attacks>
    <attack name="melee" interval="2000" skill="5" attack="4"/>
  </attacks>
  <defenses armor="7" defense="5"/>
  <immunities/>
  <loot>
    <item id="3976" countmax="3" chance1="30000" chancemax="0"/>
    <item id="2148" countmax="5" chance1="80000" chancemax="0"/>
    <item id="2696" chance="20000"/>
  </loot>
</monster>
