﻿<?xml version="1.0" encoding="UTF-8"?>
<monster name="elephant" nameDescription="a elephant" race="blood" experience="160" speed="240" manacost="500">
  <health now="320" max="320"/>
  <look type="211" head="20" body="30" legs="40" feet="50" corpse="6052"/>
  <targetchange interval="5000" chance="8"/>
  <strategy attack="100" defense="0"/>
  <flags>
    <flag summonable="1"/>
    <flag attackable="1"/>
    <flag hostile="1"/>
    <flag illusionable="1"/>
    <flag convinceable="1"/>
    <flag pushable="0"/>
    <flag canpushitems="1"/>
    <flag canpushcreatures="1"/>
    <flag targetdistance="1"/>
    <flag staticattack="90"/>
    <flag runonhealth="0"/>
  </flags>
  <attacks>
    <attack name="melee" interval="2000" skill="48" attack="47"/>
  </attacks>
  <defenses armor="20" defense="34"/>
    <elements>
		<element physicalPercent="25"/>
		<element icePercent="20"/>
		<element energyPercent="-10"/>
  </elements>
  <immunities>
  </immunities>
  <voices interval="5000" chance="10">
    <voice sentence="Hooooot-Toooooot!"/>
    <voice sentence="Tooooot."/>
    <voice sentence="Troooooot!"/>
  </voices>
  <loot>
    <item id="3973" chance="900"/>
    <item id="3956" countmax="2" chance1="2000" chancemax="0"/>
    <item id="2671" countmax="3" chance1="33333" chancemax="0"/>
    <item id="2666" countmax="4" chance1="33333" chancemax="0"/>
  </loot>
</monster>
