<?xml version="1.0" encoding="UTF-8"?>
<monster name="mammoth" nameDescription="a mammoth" race="blood" experience="160" speed="240" manacost="0">
  <health now="320" max="320"/>
  <look type="199" head="0" body="0" legs="0" feet="0" corpse="6074"/>
  <targetchange interval="5000" chance="8"/>
  <strategy attack="100" defense="0"/>
  <flags>
    <flag summonable="0"/>
    <flag attackable="1"/>
    <flag hostile="1"/>
    <flag illusionable="0"/>
    <flag convinceable="0"/>
    <flag pushable="1"/>
    <flag canpushitems="1"/>
    <flag canpushcreatures="0"/>
    <flag staticattack="90"/>
    <flag targetdistance="1"/>
    <flag runonhealth="0"/>
  </flags>
<attacks>
    <attack name="melee" interval="2000" skill="45" attack="45"/>
</attacks>
  <defenses armor="25" defense="30"/>
    <elements>
		<element firePercent="-10"/>
		<element earthPercent="20"/>
		<element physicalPercent="15"/>
		<element icePercent="20"/>
  </elements>
  <immunities>
  </immunities>
  <voices interval="5000" chance="10">
    <voice sentence="Moohhhhooooo!"/>
  </voices>
  <loot>
    <item id="2666" countmax="4" chance1="33333" chancemax="0"/>
    <item id="2671" countmax="3" chance1="10000" chancemax="0"/>
  </loot>
</monster>
