<?xml version="1.0" encoding="UTF-8"?>
<monster name="fernfang" nameDescription="Fernfang" race="blood" experience="320" speed="240" manacost="0">
  <health now="250" max="250"/>
  <look type="206" head="20" body="30" legs="40" feet="50" corpse="6080"/>
  <targetchange interval="5000" chance="8"/>
  <strategy attack="100" defense="0"/>
  <flags>
    <flag summonable="0"/>
    <flag attackable="1"/>
    <flag hostile="1"/>
    <flag illusionable="0"/>
    <flag convinceable="0"/>
    <flag pushable="0"/>
    <flag canpushitems="1"/>
    <flag canpushcreatures="1"/>
    <flag targetdistance="4"/>
    <flag staticattack="90"/>
    <flag runonhealth="0"/>
  </flags>
  <attacks>
    <attack name="melee" interval="2000" skill="50" attack="40"/>
    <attack name="manadrain" interval="1000" chance="25" range="7" min="-25" max="-45">
      <attribute key="areaEffect" value="redshimmer"/>
  </attack>
    <attack name="energy" interval="1000" chance="13" range="7" min="-70" max="-90">
      <attribute key="shootEffect" value="energy"/>
      <attribute key="areaEffect" value="energy"/>
    </attack>
    <attack name="physical" interval="1000" chance="10" range="7" min="-140" max="-180">
      <attribute key="shootEffect" value="suddendeath"/>
    </attack>
  </attacks>
  <defenses armor="15" defense="10">
    <defense name="healing" interval="1000" chance="15" min="90" max="120">
      <attribute key="areaEffect" value="blueshimmer"/>
    </defense>
    <defense name="speed" interval="1000" chance="7" speedchange="310" duration="10000">
      <attribute key="areaEffect" value="redshimmer"/>
    </defense>
    <defense name="strength" interval="1000" chance="5">
      <attribute key="areaEffect" value="redshimmer"/>
    </defense>
    <defense name="outfit" interval="1000" chance="5" monster="war wolf" duration="14000">
      <attribute key="areaEffect" value="blueshimmer"/>
    </defense>
  </defenses>
  <immunities>
    <immunity physical="0"/>
    <immunity energy="0"/>
    <immunity fire="0"/>
    <immunity poison="1"/>
    <immunity lifedrain="1"/>
    <immunity paralyze="0"/>
    <immunity outfit="1"/>
    <immunity drunk="1"/>
    <immunity invisible="1"/>
  </immunities>
  <summons maxSummons="4">
    <summon name="war wolf" interval="1000" chance="13" max="4"/>
  </summons>
  <voices interval="5000" chance="10">
    <voice sentence="You desecrated this place!"/>
    <voice sentence="I will cleanse this isle!"/>
    <voice sentence="Grrrrrrr"/>
    <voice sentence="Yoooohhuuuu!" yell="1"/>
  </voices>
  <loot>
    <item id="2148" countmax="20" chance1="100000" chancemax="0"/>
    <item id="1949" chance="10000"/>
    <item id="2467" chance="10000"/>
    <item id="2642" chance="6666"/>
    <item id="3976" countmax="10" chance1="50000" chancemax="0"/>
    <item id="1987" chance="100000">
      <inside>
        <item id="2044" chance="6666"/>
        <item id="2689" countmax="3" chance1="20000" chancemax="0"/>
        <item id="2401" chance="3333"/>
        <item id="2166" chance="1428"/>
      </inside>
    </item>
  </loot>
</monster>
