<?xml version="1.0" encoding="UTF-8"?>
<monster name="Blue Djinn" nameDescription="a blue djinn" race="blood" experience="215" speed="200" manacost="0">
	<health now="330" max="330"/>
	<look type="80" corpse="6020"/>
	<targetchange interval="5000" chance="8"/>
	<strategy attack="100" defense="0"/>
	<flags>
		<flag summonable="0"/>
		<flag attackable="1"/>
		<flag hostile="1"/>
		<flag illusionable="0"/>
		<flag convinceable="0"/>
		<flag pushable="0"/>
		<flag canpushitems="1"/>
		<flag canpushcreatures="0"/>
		<flag targetdistance="1"/>
		<flag staticattack="90"/>
		<flag runonhealth="0"/>
	</flags>
	<attacks>
		<attack name="melee" interval="2000" skill="45" attack="40"/>
		<attack name="fire" interval="2000" chance="12" range="7" target="1" min="-45" max="-80">
			<attribute key="shootEffect" value="fire"/>
		</attack>
		<attack name="energycondition" interval="2000" chance="9" range="7" min="-500" max="-500">
			<attribute key="shootEffect" value="energy"/>
		</attack>
		<attack name="physical" interval="2000" chance="10" range="7" min="-50" max="-105">
			<attribute key="shootEffect" value="suddendeath"/>
		</attack>
		<attack name="drunk" interval="2000" chance="7" range="7">
			<attribute key="shootEffect" value="energy"/>
			<attribute key="areaEffect" value="energyarea"/>
		</attack>
		<attack name="outfit" interval="2000" chance="17" range="7" monster="rabbit" duration="20000">
			<attribute key="areaEffect" value="blueshimmer"/>
		</attack>
	</attacks>
	<defenses armor="20" defense="10"/>
	<elements>
		<element firePercent="80"/>
		<element energyPercent="50"/>
		<element holyPercent="20"/>
		<element icePercent="-10"/>
		<element deathPercent="-13"/>
	</elements>
	<immunities>
		<immunity paralyze="1"/>
		<immunity invisible="1"/>
	</immunities>
	<voices interval="5000" chance="10">
		<voice sentence="Simsalabim"/>
		<voice sentence="Feel the power of my magic, tiny mortal!"/>
		<voice sentence="Be careful what you wish for."/>
		<voice sentence="Wishes can come true."/>
	</voices>
	<loot>
    <item id="2148" countmax="100" chance="37850" /><!-- gold coin -->
    <item id="2148" countmax="11" chance="37850" /><!-- gold coin -->
    <item id="2684" chance="27850" /><!-- carrot -->
    <item id="7378" countmax="2" chance="4300" /><!-- royal spear -->
    <item id="2146" countmax="4" chance="2450" /><!-- small sapphire -->
    <item id="5912" chance="5000" /><!-- blue piece of cloth -->
    <item id="7620" chance="1450" /><!-- mana potion -->
    <item id="1987" chance="100000"><!-- bag -->
        <inside>
            <item id="1950" chance="2075" /><!-- book -->
            <item id="12373" chance="2775" /><!-- dirty turban -->
            <item id="2062" chance="1650" /><!-- small oil lamp -->
            <item id="2663" chance="750" /><!-- mystic turban -->
            <item id="2745" chance="950" /><!-- blue rose -->
        </inside>
    </item>
</loot>


















</monster>
