<?xml version="1.0" encoding="UTF-8"?>
<monster name="Elder Bonelord" nameDescription="a elder bonelord" race="blood" experience="280" speed="170" manacost="0">
	<health now="500" max="500"/>
	<look type="108" corpse="6037"/>
	<targetchange interval="2000" chance="9"/>
	<strategy attack="100" defense="0"/>
	<flags>
		<flag summonable="0"/>
		<flag attackable="1"/>
		<flag hostile="1"/>
		<flag illusionable="1"/>
		<flag convinceable="0"/>
		<flag pushable="0"/>
		<flag canpushitems="1"/>
		<flag canpushcreatures="0"/>
		<flag targetdistance="4"/>
		<flag staticattack="90"/>
		<flag runonhealth="0"/>
	</flags>
	<attacks>
		<attack name="melee" interval="2000" skill="10" attack="55"/>
		<attack name="lifedrain" interval="2000" chance="10" range="7" min="-40" max="-85">
			<attribute key="areaEffect" value="redshimmer"/>
		</attack>
		<attack name="manadrain" interval="2000" chance="10" range="7" min="-15" max="-30">
			<attribute key="areaEffect" value="redshimmer"/>
		</attack>
		<attack name="speed" interval="2000" chance="10" range="7" speedchange="-600" duration="20000">
			<attribute key="areaEffect" value="redshimmer"/>
		</attack>
		<attack name="fire" interval="2000" chance="10" range="7" min="-40" max="-80">
			<attribute key="shootEffect" value="fire"/>
		</attack>
		<attack name="energy" interval="2000" chance="10" range="7" min="-20" max="-50">
			<attribute key="shootEffect" value="energy"/>
		</attack>
		<attack name="physical" interval="2000" chance="10" range="7" min="-30" max="-50">
			<attribute key="shootEffect" value="suddendeath"/>
			<attribute key="areaEffect" value="mortarea"/>
		</attack>
		<attack name="poison" interval="2000" chance="10" range="7" min="-10" max="-30">
			<attribute key="shootEffect" value="poison"/>
		</attack>
	</attacks>
	<defenses armor="13" defense="26"/>
	<elements>
		<element energyPercent="20"/>
		<element icePercent="30"/>
		<element deathPercent="30"/>
		<element firePercent="-10"/>
	</elements>
	<immunities>
		<immunity earth="1"/>
		<immunity lifedrain="1"/>
		<immunity invisible="1"/>
	</immunities>
	<summons maxSummons="6">
		<summon name="Gazer" interval="2000" chance="10" max="6"/>
		<summon name="Crypt Shambler" interval="2000" chance="10" max="6"/>
	</summons>
	<voices interval="2000" chance="9">
		<voice sentence="Let me take a look at you!"/>
		<voice sentence="Inferior creatures, bow before my power!"/>
		<voice sentence="659978 54764!"/>
		<voice sentence="653768764!"/>
	</voices>
		<loot>
    <item id="12468" chance="9800" /><!-- small flask of eyedrops -->
    <item id="2148" countmax="87" chance="41050" /><!-- gold coin -->
    <item id="11193" chance="20950" /><!-- elder bonelord tentacle -->
    <item id="2175" chance="2000" /><!-- spellbook -->
    <item id="2509" chance="2625" /><!-- steel shield -->
    <item id="1987" chance="100000"><!-- bag -->
        <inside>
            <item id="7589" chance="1200" /><!-- strong mana potion -->
            <item id="7364" countmax="4" chance="5625" /><!-- sniper arrow -->
            <item id="2377" chance="2700" /><!-- two handed sword -->
            <item id="11197" chance="1025" /><!-- giant eye -->
        </inside>
    </item>
</loot>



















</monster>
