﻿<?xml version="1.0" encoding="UTF-8"?>
<monster name="Eye of the seven" nameDescription="an eye of the seven" race="VENOM" experience="90" speed="0" manacost="0">
  <health now="1" max="1"/>
  <look type="109" head="20" body="30" legs="40" feet="50" corpse="6036"/>
  <targetchange interval="5000" chance="0"/>
  <strategy attack="100" defense="0"/>
  <flags>
    <flag summonable="0"/>
    <flag attackable="1"/>
    <flag hostile="1"/>
    <flag illusionable="1"/>
    <flag convinceable="0"/>
    <flag pushable="0"/>
    <flag canpushitems="1"/>
    <flag canpushcreatures="0"/>
    <flag targetdistance="10"/>
    <flag staticattack="90"/>
    <flag runonhealth="0"/>
  </flags>
  <attacks>
    <attack name="ice" interval="1000" chance="50" range="10" min="-250" max="-350">
      <attribute key="areaEffect" value="iceattack"/>
	  <attribute key="shootEffect" value="ice"/>
    </attack>
    <attack name="fire" interval="1000" chance="50" range="10" min="-250" max="-350">
      <attribute key="areaEffect" value="fireattack"/>
	  <attribute key="shootEffect" value="fire"/>
    </attack>
  </attacks>
  <defenses armor="1999" defense="1999"/>
  <immunities>
    <immunity physical="1"/>
    <immunity holy="1"/>
    <immunity energy="1"/>
    <immunity fire="1"/>
    <immunity death="1"/>
    <immunity earth="1"/>
    <immunity ice="1"/>
    <immunity poison="1"/>
    <immunity lifedrain="1"/>
    <immunity invisible="0"/>
  </immunities>
</monster>

