<?xml version="1.0" encoding="UTF-8"?>
<monster name="Lethal Lissy" nameDescription="Lethal Lissy" race="blood" experience="6700" speed="300" manacost="0">
  <health now="10000" max="10000"/>
  <look type="155" head="114" body="0" legs="57" feet="114" addons="3" corpse="6081"/>
  <targetchange interval="5000" chance="8"/>
  <strategy attack="100" defense="25"/>
  <flags>
    <flag summonable="0"/>
    <flag attackable="1"/>
    <flag hostile="1"/>
    <flag illusionable="0"/>
    <flag convinceable="0"/>
    <flag pushable="0"/>
    <flag canpushitems="1"/>
    <flag canpushcreatures="1"/>
    <flag staticattack="90"/>
    <flag targetdistance="1"/>
    <flag runonhealth="0"/>
  </flags>
<attacks>
    <attack name="melee" interval="2000" skill="80" attack="60"/>
    <attack name="physical" interval="2000" chance="17" range="7" min="-500" max="-630">
      <attribute key="shootEffect" value="throwingknife"/>
    </attack>
    <attack name="holy" interval="1000" chance="14" radius="8" target="0" min="-620" max="-750">
      <attribute key="areaEffect" value="rednote"/>
	</attack>
</attacks>
  <defenses armor="25" defense="20">
<defense name="healing" interval="2000" chance="15" min="40" max="70">
      <attribute key="areaEffect" value="blueshimmer"/>
    </defense>
</defenses>
  <immunities>
    <immunity physical="0"/>
    <immunity energy="0"/>
    <immunity fire="0"/>
    <immunity poison="0"/>
    <immunity lifedrain="0"/>
    <immunity paralyze="0"/>
    <immunity outfit="0"/>
    <immunity drunk="0"/>
    <immunity invisible="1"/>
  </immunities>
<summons maxSummons="4">
    <summon name="Pirate Buccaneers" interval="1000" chance="3000"/>
  </summons>
  <loot>
    <item id="2148" countmax="50" chance1="40000" chancemax="108"/>
    <item id="2229" countmax="2" chance1="40000" chancemax="108"/>
    <item id="6100" chance="100000"/> --
    <item id="2387" chance="9999"/>
    <item id="2463" chance="5555"/>
    <item id="2379" chance="100000"/>
    <item id="2476" chance="9000"/>
  </loot>
</monster>
