﻿<?xml version="1.0" encoding="UTF-8"?>
<monster name="orc rider" nameDescription="a orc rider" race="blood" experience="110" speed="340" manacost="0">
  <health now="180" max="180"/>
  <look type="4" head="20" body="30" legs="40" feet="50" corpse="6010"/>
  <targetchange interval="5000" chance="8"/>
  <strategy attack="100" defense="0"/>
  <flags>
    <flag summonable="0"/>
    <flag attackable="1"/>
    <flag hostile="1"/>
    <flag illusionable="0"/>
    <flag convinceable="1"/>
    <flag pushable="0"/>
    <flag canpushitems="1"/>
    <flag canpushcreatures="1"/>
    <flag targetdistance="1"/>
    <flag staticattack="90"/>
    <flag runonhealth="0"/>
  </flags>
  <attacks>
    <attack name="melee" interval="2000" skill="48" attack="41"/>
  </attacks>
  <defenses armor="9" defense="20">
    <defense name="speed" interval="1000" chance="7" speedchange="900" duration="6000">
      <attribute key="areaEffect" value="redshimmer"/>
    </defense>
  </defenses>
  <immunities>
    <immunity physical="0"/>
    <immunity energy="0"/>
    <immunity fire="0"/>
    <immunity poison="0"/>
    <immunity lifedrain="0"/>
    <immunity paralyze="0"/>
    <immunity outfit="0"/>
    <immunity drunk="0"/>
    <immunity invisible="0"/>
  </immunities>
  <voices interval="5000" chance="10">
    <voice sentence="Grrrrrrr"/>
    <voice sentence="Orc arga Huummmak!"/>
  </voices>
  <loot>
    <item id="2148" countmax="20" chance1="100000" chancemax="0"/>
    <item id="2666" countmax="3" chance1="50000" chancemax="0"/>
    <item id="2129" chance="10000"/>
    <item id="1988" chance="20000">
      <inside>
        <item id="2148" countmax="1" chance1="20000" chancemax="0"/>
      </inside>
    </item>
    <item id="1987" chance="100000">
      <inside>
        <item id="2428" chance="2500"/>
        <item id="2480" chance="10000"/>
        <item id="2425" chance="2000"/>
        <item id="2513" chance="6666"/>
      </inside>
    </item>
  </loot>
</monster>
