﻿<?xml version="1.0" encoding="UTF-8"?>
<monster name="orc spearman" nameDescription="a orc spearman" race="blood" experience="38" speed="176" manacost="310">
  <health now="105" max="105"/>
  <look type="50" head="20" body="30" legs="40" feet="50" corpse="5996"/>
  <targetchange interval="5000" chance="8"/>
  <strategy attack="100" defense="0"/>
  <flags>
    <flag summonable="1"/>
    <flag attackable="1"/>
    <flag hostile="1"/>
    <flag illusionable="1"/>
    <flag convinceable="1"/>
    <flag pushable="1"/>
    <flag canpushitems="0"/>
    <flag canpushcreatures="0"/>
    <flag targetdistance="4"/>
    <flag staticattack="90"/>
    <flag runonhealth="10"/>
  </flags>
  <attacks>
    <attack name="melee" interval="2000" skill="19" attack="17"/>
    <attack name="physical" interval="1000" chance="7" range="7" min="-16" max="-40">
      <attribute key="shootEffect" value="spear"/>
    </attack>
  </attacks>
  <defenses armor="6" defense="12"/>
  <immunities>
    <immunity physical="0"/>
    <immunity energy="0"/>
    <immunity fire="0"/>
    <immunity poison="0"/>
    <immunity lifedrain="0"/>
    <immunity paralyze="0"/>
    <immunity outfit="0"/>
    <immunity drunk="0"/>
    <immunity invisible="0"/>
  </immunities>
  <voices interval="5000" chance="10">
    <voice sentence="Ugaar!"/>
  </voices>
  <loot>
    <item id="3976" countmax="10" chance1="50000" chancemax="0"/>
    <item id="2148" countmax="10" chance1="80000" chancemax="0"/>
    <item id="2666" countmax="2" chance1="80000" chancemax="0"/>
    <item id="2468" chance="10000"/>
    <item id="2220" chance="10000"/>
    <item id="1987" chance="100000">
      <inside>
        <item id="2420" chance="10000"/>
        <item id="2389" countmax="1" chance1="6666" chancemax="0"/>
      </inside>
    </item>
  </loot>
</monster>
