﻿<?xml version="1.0" encoding="UTF-8"?>
<monster name="orc leader" nameDescription="a orc leader" race="blood" experience="270" speed="230" manacost="640">
  <health now="450" max="450"/>
  <look type="59" head="20" body="30" legs="40" feet="50" corpse="6001"/>
  <targetchange interval="5000" chance="8"/>
  <strategy attack="100" defense="0"/>
  <flags>
    <flag summonable="1"/>
    <flag attackable="1"/>
    <flag hostile="1"/>
    <flag illusionable="1"/>
    <flag convinceable="1"/>
    <flag pushable="0"/>
    <flag canpushitems="1"/>
    <flag canpushcreatures="1"/>
    <flag targetdistance="1"/>
    <flag staticattack="90"/>
    <flag runonhealth="0"/>
  </flags>
  <attacks>
    <attack name="melee" interval="2000" skill="52" attack="48"/>
    <attack name="physical" interval="1000" chance="17" range="7" min="-50" max="-70">
      <attribute key="shootEffect" value="throwingknife"/>
    </attack>
  </attacks>
  <defenses armor="20" defense="30"/>
  <immunities>
    <immunity physical="0"/>
    <immunity energy="0"/>
    <immunity fire="1"/>
    <immunity poison="0"/>
    <immunity lifedrain="0"/>
    <immunity paralyze="0"/>
    <immunity outfit="1"/>
    <immunity drunk="1"/>
    <immunity invisible="1"/>
  </immunities>
  <voices interval="5000" chance="10">
    <voice sentence="Ulderek futgyr human!"/>
  </voices>
  <loot>
    <item id="3976" countmax="10" chance1="50000" chancemax="0"/>
    <item id="2148" countmax="30" chance1="100000" chancemax="0"/>
    <item id="2410" countmax="2" chance1="50000" chancemax="0"/>
    <item id="2419" chance="10000"/>
    <item id="2510" chance="5000"/>
    <item id="2667" countmax="1" chance1="20000" chancemax="0"/>
    <item id="2647" chance="1818"/>
    <item id="2413" chance="2857"/>
    <item id="1988" chance="20000">
      <inside>
        <item id="2148" countmax="1" chance1="2857" chancemax="0"/>
      </inside>
    </item>
    <item id="1987" chance="100000">
      <inside>
        <item id="2207" chance="2000"/>
        <item id="7378" countmax="2" chance1="2000" chancemax="0"/>
        <item id="2666" countmax="2" chance1="33333" chancemax="0"/>
        <item id="2379" chance="6666"/>
        <item id="2475" chance="1000"/>
        <item id="2397" chance="10000"/>
        <item id="2652" chance="2500"/>
        <item id="2478" chance="2857"/>
        <item id="2463" chance="1818"/>
      </inside>
    </item>
  </loot>
</monster>
