<?xml version="1.0" encoding="UTF-8"?>
<monster name="Lord of the elements" nameDescription="a lord of the elements" race="undead" experience="8000" speed="350" manacost="0">
  <health now="17000" max="17000"/>
  <look type="290" corpse="9009"/>
  <targetchange interval="5000" chance="10"/>
  <strategy attack="100" defense="0"/>
  <flags>
    <flag summonable="0"/>
    <flag attackable="1"/>
    <flag hostile="1"/>
    <flag illusionable="0"/>
    <flag convinceable="0"/>
    <flag pushable="0"/>
    <flag canpushitems="1"/>
    <flag canpushcreatures="1"/>
    <flag targetdistance="1"/>
    <flag staticattack="90"/>
    <flag runonhealth="0"/>
  </flags>
  <attacks>
  	<attack name="melee" interval="2000" skill="110" attack="115"/>
  </attacks>
  <defenses armor="30" defense="30">
    <defense name="healing" interval="1000" chance="25" min="100" max="195">
		<attribute key="areaEffect" value="blueshimmer"/>
    </defense>
	<defense name="outfit" interval="1500" chance="40" monster="Energy Overlord" duration="5000">
		<attribute key="areaEffect" value="blueshimmer"/>
    </defense>
    <defense name="outfit" interval="1500" chance="40" monster="Fire Overlord" duration="5000">
		<attribute key="areaEffect" value="blueshimmer"/>
    </defense>
	<defense name="outfit" interval="1500" chance="40" monster="Earth Overlord" duration="5000">
		<attribute key="areaEffect" value="blueshimmer"/>
    </defense>
    <defense name="outfit" interval="1500" chance="40" monster="Ice Overlord" duration="5000">
		<attribute key="areaEffect" value="blueshimmer"/>
    </defense>
  </defenses>
	<elements>
		<element icePercent="30"/>
		<element energyPercent="30"/>
	</elements>
  <immunities>
	<immunity holy="1"/>
	<immunity earth="1"/>
	<immunity physical="1"/>
	<immunity fire="1"/>
    <immunity death="1"/>
    <immunity invisible="1"/>
  </immunities>
  
    <summons maxSummons="2">
		<summon name="Blistering Fire elemental" interval="4000" chance="50"/>
		<summon name="Jagged Earth Elemental" interval="4000" chance="50"/>
		<summon name="Roaring Water Elemental" interval="4000" chance="50"/>
		<summon name="Overcharged Energy Elemental" interval="4000" chance="50"/>
	</summons>
 <loot>
    <item id="2152" countmax="7" chance1="70000" chancemax="0"/>	-- Platinum coin
 </loot>
</monster>
