<?xml version="1.0" encoding="UTF-8"?>
<monster name="Orshabaal" nameDescription="Orshabaal" race="fire" experience="100000" speed="380" manacost="0">
	<health now="105000" max="105000"/>
	<look type="201" corpse="2916"/>
	<targetchange interval="2000" chance="10"/>
	<strategy attack="70" defense="10"/>
	<flags>
		<flag summonable="0"/>
		<flag attackable="1"/>
		<flag hostile="1"/>
		<flag illusionable="0"/>
		<flag convinceable="0"/>
		<flag pushable="0"/>
		<flag canpushitems="1"/>
		<flag canpushcreatures="1"/>
		<flag targetdistance="1"/>
		<flag runonhealth="2500"/>
	</flags>
	<attacks>
		<attack name="melee" interval="2000" skill="190" attack="180"/>
		<attack name="physical" interval="2000" chance="5" length="6" spread="1" target="0" min="-1100" max="-2000">
			<attribute key="areaEffect" value="energy"/>
		</attack>
		<attack name="physical" interval="2000" chance="15" radius="5" min="-200" max="-850">
			<attribute key="areaEffect" value="blackspark"/>
		</attack>
		<attack name="fire" interval="2000" chance="20" range="7" radius="5" target="1" min="-500" max="-850">
			<attribute key="shootEffect" value="fire"/>
			<attribute key="areaEffect" value="firearea"/>
		</attack>
	</attacks>
	<defenses armor="90" defense="111">
		<defense name="healing" interval="2000" chance="10" min="575" max="2250">
			<attribute key="areaEffect" value="blueshimmer"/>
		</defense>
		<defense name="speed" interval="2000" chance="15" speedchange="700" duration="7000">
			<attribute key="areaEffect" value="redshimmer"/>
		</defense>
	</defenses>
	<elements>
		<element deathPercent="50"/>
		<element icePercent="-1"/>
		<element holyPercent="-1"/>
	</elements>
	<immunities>
		<immunity lifedrain="1"/>
		<immunity paralyze="1"/>
		<immunity invisible="1"/>
		<immunity fire="1"/>
		<immunity earth="1"/>
	</immunities>
	<summons maxSummons="4">
		<summon name="demon" interval="2000" chance="10" max="4"/>
	</summons>
	<voices interval="2000" chance="10">
		<voice sentence="PRAISED BE MY MASTERS, THE RUTHLESS SEVEN!" yell="1"/>
		<voice sentence="YOU ARE DOOMED!" yell="1"/>
		<voice sentence="ORSHABAAL IS BACK!" yell="1"/>
		<voice sentence="Be prepared for the day my masters will come for you!"/>
		<voice sentence="SOULS FOR ORSHABAAL!" yell="1"/>
	</voices>
	<loot>
    <item id="2152" countmax="75" chance="43500" /><!-- platinum coin -->
    <item id="5954" countmax="2" chance="20875" /><!-- demon horn -->
    <item id="2164" chance="15300" /><!-- might ring -->
    <item id="2192" chance="15300" /><!-- crystal ball -->
    <item id="2149" countmax="10" chance="15500" /><!-- small emerald -->
    <item id="2112" chance="13450" /><!-- teddy bear -->
    <item id="6300" chance="30125" /><!-- death ring -->
    <item id="2151" countmax="7" chance="8700" /><!-- talon -->
    <item id="2145" countmax="5" chance="13825" /><!-- small diamond -->
    <item id="2171" chance="17175" /><!-- platinum amulet -->
    <item id="2462" chance="15300" /><!-- devil helmet -->
    <item id="2142" chance="4200" /><!-- ancient amulet -->
    <item id="1988" chance="100000"><!-- bag -->
        <inside>
            <item id="2472" chance="4200" /><!-- magic plate armor -->
            <item id="2176" chance="20875" /><!-- orb -->
            <item id="2470" chance="6050" /><!-- golden legs -->
            <item id="8890" chance="2350" /><!-- robe of the underworld -->
            <item id="2434" chance="9750" /><!-- dragon hammer -->
            <item id="2178" chance="7900" /><!-- mind stone -->
            <item id="2195" chance="30125" /><!-- boots of haste -->
            <item id="2421" chance="2350" /><!-- thunder hammer -->
            <item id="2170" chance="11600" /><!-- silver amulet -->
            <item id="2124" chance="7900" /><!-- crystal ring -->
            <item id="2123" chance="6050" /><!-- ring of the sky -->
            <item id="2125" chance="20875" /><!-- crystal necklace -->
            <item id="2158" chance="13450" /><!-- blue gem -->
            <item id="2436" chance="11600" /><!-- skull staff -->
            <item id="2214" chance="19025" /><!-- ring of healing -->
            <item id="1982" chance="13450" /><!-- purple tome -->
            <item id="2197" chance="15300" /><!-- stone skin amulet -->
            <item id="7590" chance="22725" /><!-- great mana potion -->
            <item id="2514" chance="7900" /><!-- mastermind shield -->
            <item id="2393" chance="7900" /><!-- giant sword -->
            <item id="2174" chance="6050" /><!-- strange symbol -->
            <item id="2146" countmax="10" chance="12350" /><!-- small sapphire -->
            <item id="2155" chance="19025" /><!-- green gem -->
            <item id="2387" chance="7900" /><!-- double axe -->
            <item id="2177" chance="11600" /><!-- life crystal -->
            <item id="2182" chance="6050" /><!-- snakebite rod -->
            <item id="2167" chance="6050" /><!-- energy ring -->
            <item id="2377" chance="4200" /><!-- two handed sword -->
            <item id="2148" countmax="100" chance="4225" /><!-- gold coin -->
            <item id="2148" countmax="84" chance="4225" /><!-- gold coin -->
            <item id="2432" chance="7900" /><!-- fire axe -->
            <item id="2033" chance="13450" /><!-- golden mug -->
            <item id="7591" chance="33825" /><!-- great health potion -->
            <item id="2418" chance="9750" /><!-- golden sickle -->
            <item id="2520" chance="30125" /><!-- demon shield -->
            <item id="2150" countmax="19" chance="16675" /><!-- small amethyst -->
            <item id="2179" chance="15300" /><!-- gold ring -->
            <item id="2144" countmax="15" chance="10375" /><!-- black pearl -->
            <item id="2162" chance="9750" /><!-- magic light wand -->
            <item id="2165" chance="15300" /><!-- stealth ring -->
            <item id="2200" chance="17175" /><!-- protection amulet -->
            <item id="2185" chance="7900" /><!-- necrotic rod -->
            <item id="5808" chance="24575" /><!-- orshabaal's brain -->
            <item id="7368" countmax="20" chance="2350" /><!-- assassin star -->
            <item id="2322" chance="2350" /><!-- voodoo doll -->
        </inside>
    </item>
</loot>



















</monster>
