<?xml version="1.0" encoding="UTF-8"?>
<monster name="Zoralurk" nameDescription="Zoralurk" race="UNDEAD" experience="30000" speed="400" manacost="0">
	<health now="55000" max="55000"/>
	<look type="12" head="0" body="98" legs="86" feet="94" corpse="6068"/>
	<targetchange interval="10000" chance="20"/>
	<strategy attack="100" defense="0"/>
	<flags>
		<flag summonable="0"/>
		<flag attackable="1"/>
		<flag hostile="1"/>
		<flag illusionable="0"/>
		<flag convinceable="0"/>
		<flag pushable="0"/>
		<flag canpushitems="1"/>
		<flag canpushcreatures="1"/>
		<flag staticattack="98"/>
		<flag targetdistance="1"/>
		<flag runonhealth="0"/>
	</flags>
	<attacks>
	<attack name="melee" interval="2000" skill="140" attack="135"/>
	<attack name="energy" interval="1000" chance="12" radius="7" target="0" min="-600" max="-900">
		<attribute key="areaEffect" value="energy"/>
	</attack>
	<attack name="earth" interval="1000" chance="12" radius="7" target="0" min="-400" max="-800">
		<attribute key="areaEffect" value="smallplants"/>
	</attack>
	<attack name="manadrain" interval="2000" chance="25" range="7" min="-500" max="-800">
		<attribute key="areaEffect" value="blueshimmer"/>
	</attack>
	<attack name="fire" interval="3000" chance="35" range="7" radius="7" target="1" min="-200" max="-600">
		<attribute key="shootEffect" value="fire"/>
		<attribute key="areaEffect" value="firearea"/>
	</attack>
	</attacks>
	<defenses armor="55" defense="65">
		<defense name="healing" interval="2000" chance="35" min="300" max="800">
			<attribute key="areaEffect" value="blueshimmer"/>
		</defense>
		<defense name="speed" interval="4000" chance="80" speedchange="440" duration="6000">
			<attribute key="areaEffect" value="redshimmer"/>
		</defense>
		<defense name="outfit" interval="2000" chance="10" monster="behemoth" duration="10000">
			<attribute key="areaEffect" value="dice"/>
		</defense>
		<defense name="outfit" interval="2000" chance="10" monster="fire devil" duration="10000">
			<attribute key="areaEffect" value="dice"/>
		</defense>
		<defense name="outfit" interval="2000" chance="10" monster="giant spider" duration="10000">
			<attribute key="areaEffect" value="dice"/>
		</defense>
		<defense name="outfit" interval="2000" chance="10" monster="undead dragon" duration="10000">
			<attribute key="areaEffect" value="dice"/>
		</defense>
		<defense name="outfit" interval="2000" chance="10" monster="lost soul" duration="10000">
			<attribute key="areaEffect" value="dice"/>
		</defense>
	</defenses>
	<immunities>
		<immunity physical="0"/>
		<immunity energy="1"/>
		<immunity fire="1"/>
		<immunity poison="1"/>
		<immunity lifedrain="1"/>
		<immunity paralyze="1"/>
		<immunity outfit="1"/>
		<immunity drunk="1"/>
		<immunity invisible="1"/>
	</immunities>
	<summons maxSummons="2">
		<summon name="demon" interval="4000" chance="50"/>
	</summons>
	<voices interval="5000" chance="30">
		<voice sentence="I AM ZORALURK, THE DEMON WITH A THOUSAND FACES!" yell="1"/>
		<voice sentence="BRING IT, COCKROACHES!" yell="1"/>
	</voices>
	<loot>
		<item id="2148" chance="100000" countmax="100" /> <!-- Gold Coin -->
		<item id="2148" chance="50000" countmax="90" /> <!-- Gold Coin -->
		<item id="2143" chance="10000" countmax="5" /> <!-- White Pearl -->
		<item id="2407" chance="20000" /> <!-- Haunted Blade -->
		<item id="6530" chance="16000" /> <!-- Worn Soft Boots -->
		<item id="7342" chance="100000" > <!-- Bag -->
			<inside>
				<item id="2641" chance="7000" /> <!-- Traper Boots -->
				<item id="2407" chance="20000" /> <!-- Bright -->
				<item id="2393" chance="60000" /> <!-- Giant Sword -->
				<item id="2195" chance="16033" /> <!-- Boots of Haste -->
				<item id="2408" chance="6000" /> <!-- Warlord Sword -->
			</inside>
		</item>
	</loot>
</monster>