﻿<?xml version="1.0" encoding="UTF-8"?>
<monster name="Blistering fire elemental" nameDescription="a blistering fire elemental" race="fire" experience="1300" speed="230" manacost="850">
  <health now="1500" max="1500"/>
  <look type="242" corpse="8964"/>
  <targetchange interval="5000" chance="8"/>
  <strategy attack="100" defense="0"/>
  <flags>
    <flag summonable="1"/>
    <flag attackable="1"/>
    <flag hostile="1"/>
    <flag illusionable="1"/>
    <flag convinceable="1"/>
    <flag pushable="0"/>
    <flag canpushitems="1"/>
    <flag canpushcreatures="0"/>
    <flag targetdistance="1"/>
    <flag staticattack="90"/>
    <flag runonhealth="0"/>
  </flags>
  <attacks>
    <attack name="melee" interval="2000" skill="80" attack="90"/>
    <attack name="fire" interval="1000" chance="11" length="7" spread="3" min="-65" max="-510"/>
    <attack name="firecondition" interval="1000" chance="12" radius="6" target="0" min="-50" max="-200">
      <attribute key="areaEffect" value="firearea"/>
    </attack>
    <attack name="firefield" interval="1000" chance="15" range="7" radius="3" target="1">
      <attribute key="shootEffect" value="fire"/>
    </attack>
  </attacks>
  <defenses armor="20" defense="20"/>
  <immunities>
    <immunity fire="1"/>
  </immunities>
  <elements>
  <element icePercent="-25"/>
  </elements>
    <loot>
   <item id="2148" countmax="100" chance1="100000" chancemax="0"/> --Gold Coin
   <item id="2147" countmax="3" chance1="3200" chancemax="0"/> -- Small Ruby
   <item id="8299" chance="1100"/> --Glimmering Soil
   <item id="8921" chance="1800"/> -- Wand of DRaconia
   </loot>
</monster>
