<?xml version="1.0" encoding="UTF-8"?>
<monster name="The Countess Sorrow" nameDescription="Countess Sorrow" race="undead" experience="5150" speed="340" manacost="0">
  <health now="13500" max="13500"/>
  <look type="241" head="20" corpse="6344"/>
  <targetchange interval="5000" chance="8"/>
  <strategy attack="100" defense="0"/>
  <flags>
    <flag summonable="0"/>
    <flag attackable="1"/>
    <flag hostile="1"/>
    <flag illusionable="1"/>
    <flag convinceable="0"/>
    <flag pushable="0"/>
    <flag canpushitems="1"/>
    <flag canpushcreatures="1"/>
    <flag targetdistance="1"/>
    <flag staticattack="90"/>
    <flag runonhealth="0"/>
  </flags>
  <attacks>
    <attack name="melee" interval="2000" skill="90" attack="110" poison="300"/>
    <attack name="poison" interval="1000" chance="10" range="7" radius="4" target="1" min="-250" max="-550">
      <attribute key="shootEffect" value="poison"/>
      <attribute key="areaEffect" value="poison"/>
    </attack>
    <attack name="poisonfield" interval="1000" chance="17" range="7" radius="3" target="1">
      <attribute key="shootEffect" value="poison"/>
    </attack>
    <attack name="manadrain" interval="1000" chance="16" range="7" min="-100" max="-500">
      <attribute key="areaEffect" value="redshimmer"/>
  </attack>
  </attacks>
  <defenses armor="25" defense="20">
    <defense name="healing" interval="2000" chance="50" min="75" max="125">
      <attribute key="areaEffect" value="blueshimmer"/>
    </defense>
  </defenses>
  <immunities>
    <immunity physical="1"/>
    <immunity energy="0"/>
    <immunity fire="0"/>
    <immunity poison="1"/>
    <immunity lifedrain="1"/>
    <immunity paralyze="1"/>
    <immunity outfit="1"/>
    <immunity drunk="1"/>
    <immunity invisible="1"/>
  </immunities>
  <voices interval="5000" chance="10">
    <voice sentence="Oh my, you forgot to put your pants on!"/>
    <voice sentence="Weeheeheeheehee!"/>
    <voice sentence="Welcome to my nightmare!" yell="1"/>
    <voice sentence="Its nothing but a dream!"/>
    <voice sentence="Give in!"/>
  </voices>
  <summons maxSummons="3">
    <summon name="Phantasm" interval="2000" chance="30"/>
  </summons>
<loot>
<item id="2148" chance="100000" countmax="100" /> -- gold coin
<item id="2230" chance="20000" /> -- bone
<item id="2804" chance="10000" countmax="2" /> -- shadow herb
<item id="2260" chance="5000" /> -- blank rune
<item id="6536" chance="100000" /> -- Countess Sorrow's Frozen Tear
<item id="5944" chance="1538" countmax="1" /> -- soul orb
<item id="2149" chance="2500" countmax="3" /> -- small emerald
</loot>
</monster>
