﻿<?xml version="1.0" encoding="UTF-8"?>
<monster name="Dracola" nameDescription="a Dracola" race="undead" experience="7750" speed="350" manacost="0">
  <health now="16200" max="16200"/>
  <look type="231" corpse="6306"/>
  <targetchange interval="5000" chance="8"/>
  <strategy attack="100" defense="0"/>
  <flags>
    <flag summonable="0"/>
    <flag attackable="1"/>
    <flag hostile="1"/>
    <flag illusionable="1"/>
    <flag convinceable="0"/>
    <flag pushable="0"/>
    <flag canpushitems="1"/>
    <flag canpushcreatures="1"/>
    <flag targetdistance="1"/>
    <flag staticattack="85"/>
    <flag runonhealth="0"/>
  </flags>
  <attacks>
    <attack name="melee" interval="2000" skill="155" attack="135"/>

    <attack name="fire" interval="2000" chance="20" range="7" radius="4" target="1" min="-300" max="-595">
      <attribute key="shootEffect" value="fire"/>
      <attribute key="areaEffect" value="redspark"/>
    </attack>

    <attack name="death" interval="3000" chance="10" range="7" min="-0" max="-690">
      <attribute key="shootEffect" value="suddendeath"/>
    </attack>

    <attack name="poison" interval="2000" chance="20" range="7" radius="4" target="1" min="-120" max="-570">
      <attribute key="shootEffect" value="poison"/>
      <attribute key="areaEffect" value="poison"/>
    </attack>

    <attack name="poison" interval="1000" chance="12" range="7" min="-50" max="-350">
      <attribute key="shootEffect" value="poison"/>
      <attribute key="areaEffect" value="poison"/>
    </attack>

    <attack name="fire" interval="4000" chance="20" length="8" spread="3" min="-500" max="-800">
      <attribute key="areaEffect" value="firearea"/>
    </attack>

    <attack name="poison" interval="2000" chance="20" length="8" spread="3" min="-200" max="-875">
      <attribute key="areaEffect" value="poison"/>
    </attack>

    <attack name="lifedrain" interval="3000" chance="23" length="8" spread="3" min="-300" max="-830">
      <attribute key="areaEffect" value="greenshimmer"/>
    </attack>

  </attacks>
  <defenses armor="55" defense="55">
  </defenses>
<elements>
	<element physicalPercent="20"/>
	<element icePercent="-30"/>
	<element holyPercent="-30"/>
</elements>
  <immunities>
    <immunity physical="0"/>
    <immunity earth="1"/>
    <immunity fire="1"/>
    <immunity death="1"/>
    <immunity poison="1"/>
    <immunity lifedrain="1"/>
    <immunity paralyze="1"/>
    <immunity outfit="1"/>
    <immunity drunk="1"/>
    <immunity invisible="1"/>
  </immunities>
  <voices interval="5000" chance="10">
    <voice sentence="FEEEED MY ETERNAL HUNGER!"/>

  </voices>
<loot>
<item id="2148" chance="100000" countmax="100" /> -- gold coin
<item id="2152" chance="25000" countmax="3" /> -- platinum coin
<item id="6546" chance="100000" /> -- Dracola's Eye
<item id="2236" chance="6667" /> -- torn book
<item id="2413" chance="4000" /> -- broad sword
<item id="1987" chance="100000" > -- bag
<inside>
	<item id="7420" chance="1900" /> -- Reaper's Axe
	<item id="6500" chance="1818" countmax="1" /> -- demonic essence
	<item id="5944" chance="1538" countmax="1" /> -- soul orb
	<item id="2547" chance="4000" countmax="15" /> -- power bolt
</inside>
</item>
</loot>
</monster>
