<?xml version="1.0" encoding="UTF-8"?>
<monster name="Massacre" nameDescription="Massacre" race="blood" experience="14000" speed="390" manacost="0">
  <health now="30000" max="30000"/>
  <look type="244" corpse="6336"/>
  <targetchange interval="10000" chance="8"/>
  <strategy attack="100" defense="0"/>
  <flags>
    <flag summonable="0"/>
    <flag attackable="1"/>
    <flag hostile="1"/>
    <flag illusionable="1"/>
    <flag convinceable="0"/>
    <flag pushable="0"/>
    <flag canpushitems="1"/>
    <flag canpushcreatures="1"/>
    <flag targetdistance="1"/>
    <flag staticattack="90"/>
    <flag runonhealth="0"/>
  </flags>
  <attacks>
    <attack name="melee" interval="2000" skill="110" attack="210"/>
    <attack name="physical" interval="2000" chance="20" range="7" min="-380" max="-560">
      <attribute key="shootEffect" value="largerock"/>
    </attack>
  </attacks>
  <defenses armor="60" defense="60">
    <defense name="speed" interval="2000" chance="12" speedchange="440" duration="4000">
      <attribute key="areaEffect" value="redshimmer"/>
    </defense>
  </defenses>
	<elements>
		<element physicalPercent="20"/>
		<element icePercent="20"/>
		<element holyPercent="-15"/>
	</elements>
  <immunities>
    <immunity earth="1"/>
    <immunity energy="1"/>
    <immunity fire="1"/>
    <immunity paralyze="1"/>
    <immunity invisible="1"/>
  </immunities>
  <summons maxSummons="1">
    <summon name="juggernaut" interval="2500" chance="30"/>
  </summons>
  <voices interval="5000" chance="10"/>
  <loot>
	<item id="2148" chance1="100000" countmax="100" /> --Gold
	<item id="2152" chance1="70000" countmax="6" /> --Platinum
	<item id="2666" chance1="40000" countmax="8" /> --Meat
	<item id="2452" chance="7000" /> --Heavy MAce
	<item id="6500" chance="9429" countmax="1" />
	<item id="1987" chance="100000" >
		<inside>
			<item id="2148" chance1="100000" countmax="100"/> --Gold
			<item id="6540" chance="100000" /> --Shell
			<item id="2522" chance="3500"/> --Great Shield
			<item id="5944" chance="17000" countmax="1" /> --Soul Orb
		</inside>
	</item>
  </loot>
</monster>
