<?xml version="1.0" encoding="UTF-8"?>
<monster name="Cursed Gladiator" nameDescription="cursed gladiator" race="undead" experience="215" speed="170">
	<health now="435" max="435"/>
	<look type="100" corpse="7349"/>
	<strategy attack="100" defense="0"/>
	<flags>
		<flag pushable="0"/>
		<flag canpushitems="1"/>
		<flag staticattack="78"/>
	</flags>
	<attacks>
		<attack name="melee" interval="2000" min="-5" max="-150"/>
		<attack name="lifedrain" interval="4000" chance="50" range="5" radius="1" target="1" min="0" max="50">
			<attribute key="areaEffect" value="redshimmer"/>
		</attack>
	</attacks>
	<defenses armor="25" defense="26"/>
	<immunities>
		<immunity name="poison"/>
		<immunity name="invisible"/>
	</immunities>
	<voices interval="2000" chance="5">
		<voice sentence="Death where are you?"/>
	</voices>
</monster>
