<?xml version="1.0" encoding="UTF-8"?>
<monster name="Orcus the Cruel" nameDescription="orcus the cruel" race="blood" experience="840" speed="230">
	<health now="1440" max="1440"/>
	<look type="59" head="20" body="30" legs="40" feet="50" corpse="7349"/>
	<targetchange interval="2000" chance="5"/>
	<strategy attack="100" defense="0"/>
	<flags>
		<flag pushable="0"/>
		<flag canpushitems="1"/>
		<flag staticattack="78"/>
	</flags>
	<attacks>
		<attack name="melee" interval="2000" min="-135" max="-390"/>
		<attack name="physical" interval="2000" chance="40" range="5" radius="1" target="1" min="70" max="-210">
			<attribute key="shootEffect" value="throwingknife"/>
		</attack>
	</attacks>
	<defenses armor="39" defense="40"/>
	<immunities>
		<immunity name="fire"/>
		<immunity name="invisible"/>
	</immunities>
</monster>
