﻿<?xml version="1.0" encoding="UTF-8"?>
<monster name="hellhound" nameDescription="a hellhound" race="blood" experience="6800" speed="310" manacost="0">
  <health now="7500" max="7500"/>
  <look type="240" corpse="6332"/>
  <targetchange interval="5000" chance="8"/>
  <strategy attack="100" defense="0"/>
  <flags>
    <flag summonable="0"/>
    <flag attackable="1"/>
    <flag hostile="1"/>
    <flag illusionable="1"/>
    <flag convinceable="0"/>
    <flag pushable="0"/>
    <flag canpushitems="1"/>
    <flag canpushcreatures="1"/>
    <flag targetdistance="1"/>
    <flag staticattack="85"/>
    <flag runonhealth="0"/>
  </flags>
  <attacks>
    <attack name="melee" interval="2000" skill="110" attack="100"/>

    <attack name="earth" interval="2000" chance="20" length="8" spread="3" min="0" max="-700">
      <attribute key="areaEffect" value="plantattack"/>
    </attack>
	
	<attack name="lifedrain" interval="2000" chance="15" length="8" spread="3" min="-200" max="-990">
      <attribute key="areaEffect" value="greenshimmer"/>
    </attack>

    <attack name="death" interval="2000" chance="10" range="7" target="1" min="-100" max="-500">
      <attribute key="shootEffect" value="suddendeath"/>
      <attribute key="areaEffect" value="mortarea"/>
    </attack>

    <attack name="fire" interval="3000" chance="25" length="8" spread="3" min="-250" max="-690">
      <attribute key="areaEffect" value="firearea"/>
    </attack>

    <attack name="poison" interval="1000" chance="8" range="7" min="-150" max="-560">
      <attribute key="shootEffect" value="poison"/>
      <attribute key="areaEffect" value="poison"/>
    </attack>
  </attacks>

  <defenses armor="35" defense="35">
  </defenses>
	<elements>
	  <element earthPercent="50"/>
	  <element icePercent="-20"/>
	  <element holyPercent="-25"/>
	  <element energyPercent="20"/>
	</elements>
  <immunities>
    <immunity fire="1"/>
    <immunity paralyze="1"/>
    <immunity invisible="1"/>
  </immunities>
  <voices interval="5000" chance="10">
    <voice sentence="GROOOWL!"/>
  </voices>
	<loot>
		<item id="2148" countmax="70" chance1="100000" chancemax="0"/> --Gold Coin
		<item id="2148" countmax="90" chance1="100000" chancemax="0"/> --Gold Coin
		<item id="5944" chance="8700"/> --Soul Orb
		<item id="2671" countmax="5" chance1="50000" chancemax="0"/> --Ham
		<item id="2230" chance="25000"/> --Bone
		<item id="6500" countmax="1" chance1="7200" chancemax="0"/> --Demonic Essence
		<item id="2231" chance="30000"/> --Big Bone
		<item id="2393" chance="2000"/> --GS
		<item id="1987" chance="100000">
			<inside>
				<item id="2148" countmax="80" chance1="100000" chancemax="0"/> --Gold Coin
				<item id="2148" countmax="90" chance1="100000" chancemax="0"/> --Gold Coin
				<item id="2144" countmax="4" chance1="8500" chancemax="0"/> --Black Pearl
				<item id="2152" countmax="5" chance1="12000"/> --platinums
				<item id="2430" chance="5300"/> --Knight Axe
                <item id="2383" chance="2500"/> --spike Sword
                <item id="2410" countmax="11" chance1="14444" chancemax="0"/> --Throwing Knife
                <item id="6558" countmax="2" chance1="8888" chancemax="0"/> --Concentrated Demonic Blood
                <item id="6553" chance="200"/> --Ruthless Axe
			</inside>
		</item>
	</loot>
</monster>
