<?xml version="1.0" encoding="UTF-8"?>
<monster name="war wolf" nameDescription="a war wolf" race="blood" experience="55" speed="200" manacost="0">
  <health now="140" max="140"/>
  <look type="3" head="20" body="30" legs="40" feet="50" corpse="6009"/>
  <targetchange interval="2000" chance="0"/>
  <strategy attack="100" defense="0"/>
  <flags>
    <flag summonable="0"/>
    <flag attackable="1"/>
    <flag hostile="1"/>
    <flag illusionable="1"/>
    <flag convinceable="1"/>
    <flag pushable="0"/>
    <flag canpushitems="1"/>
    <flag canpushcreatures="0"/>
    <flag targetdistance="1"/>
    <flag staticattack="90"/>
    <flag runonhealth="0"/>
  </flags>
  <attacks>
    <attack name="melee" interval="2000" skill="39" attack="24"/>
  </attacks>
  <defenses armor="10" defense="16"/>
  <immunities>
    <immunity physical="0"/>
    <immunity energy="0"/>
    <immunity fire="0"/>
    <immunity poison="0"/>
    <immunity lifedrain="0"/>
    <immunity paralyze="0"/>
    <immunity outfit="0"/>
    <immunity drunk="0"/>
    <immunity invisible="0"/>
  </immunities>
  <voices interval="5000" chance="10">
    <voice sentence="Grrrrrrr"/>
    <voice sentence="Yoooohhuuuu!" yell="1"/>
  </voices>
  <loot>
    <item id="3976" countmax="10" chance1="50000" chancemax="0"/>
    <item id="2671" countmax="5" chance1="33333" chancemax="0"/>
    <item id="5897" countmax="1" chance1="6666" chancemax="0"/>
  </loot>
</monster>
