<?xml version="1.0" encoding="UTF-8"?>
<monster name="winter wolf" nameDescription="a winter wolf" race="blood" experience="20" speed="200" manacost="260">
  <health now="30" max="30"/>
  <look type="52" head="20" body="30" legs="40" feet="50" corpse="5997"/>
  <targetchange interval="2000" chance="0"/>
  <strategy attack="100" defense="0"/>
  <flags>
    <flag summonable="1"/>
    <flag attackable="1"/>
    <flag hostile="1"/>
    <flag illusionable="1"/>
    <flag convinceable="1"/>
    <flag pushable="1"/>
    <flag canpushitems="0"/>
    <flag canpushcreatures="0"/>
    <flag targetdistance="1"/>
    <flag staticattack="90"/>
    <flag runonhealth="0"/>
  </flags>
  <attacks>
    <attack name="melee" interval="2000" skill="21" attack="13"/>
  </attacks>
  <defenses armor="2" defense="6"/>
    <elements>
	  <element icePercent="5"/>
  <element earthPercent="-3"/>
  <element holyPercent="7"/>
  <element deathPercent="4"/>
  </elements>

  <immunities>
    <immunity physical="0"/>
    <immunity energy="0"/>
    <immunity fire="0"/>
    <immunity poison="0"/>
    <immunity lifedrain="0"/>
    <immunity paralyze="0"/>
    <immunity outfit="0"/>
    <immunity drunk="0"/>
    <immunity invisible="0"/>
  </immunities>
  <loot>
    <item id="3976" countmax="10" chance1="50000" chancemax="0"/>
    <item id="2666" countmax="4" chance1="33333" chancemax="0"/>
  </loot>
</monster>
