<?xml version="1.0" encoding="utf-8"?>
<monster name="badger" namedescription="a badger" race="blood" experience="5" speed="180" manacost="200">
  <health now="20" max="20"/>
  <look type="105" head="20" body="30" legs="40" feet="50" corpse="6034"/>
  <targetchange interval="2000" chance="20"/>
  <strategy attack="100" defense="0"/>
  <flags>
    <flag summonable="1"/>
    <flag attackable="1"/>
    <flag hostile="1"/>
    <flag illusionable="1"/>
    <flag convinceable="1"/>
    <flag pushable="1"/>
    <flag canpushitems="0"/>
    <flag canpushcreatures="0"/>
    <flag targetdistance="1"/>
    <flag staticattack="90"/>
    <flag runonhealth="10"/>
  </flags>
  <attacks>
    <attack name="melee" interval="2000" skill="17" attack="10"/>
  </attacks>
  <defenses armor="1" defense="3"/>
  <immunities>
    <immunity physical="0"/>
    <immunity energy="0"/>
    <immunity fire="0"/>
    <immunity poison="0"/>
    <immunity lifedrain="0"/>
    <immunity paralyze="0"/>
    <immunity outfit="0"/>
    <immunity drunk="0"/>
    <immunity invisible="0"/>
  </immunities>
  <loot>
    <item id="3976" countmax="10" chance1="50000" chancemax="0"/>
    <item id="2671" countmax="1" chance1="50000" chancemax="1"/>
  </loot>
</monster>
