﻿<?xml version="1.0" encoding="UTF-8"?>
<monster name="bat" namedescription="a bat" race="blood" experience="10" speed="200" manacost="250">
  <health now="30" max="30"/>
  <look type="122" head="20" body="30" legs="40" feet="50" corpse="6053"/>
  <targetchange interval="2000" chance="0"/>
  <strategy attack="100" defense="0"/>
  <flags>
    <flag summonable="1"/>
    <flag attackable="1"/>
    <flag hostile="1"/>
    <flag illusionable="1"/>
    <flag convinceable="1"/>
    <flag pushable="1"/>
    <flag canpushitems="0"/>
    <flag canpushcreatures="0"/>
    <flag targetdistance="1"/>
    <flag staticattack="90"/>
    <flag runonhealth="3"/>
  </flags>
  <attacks>
    <attack name="melee" interval="2000" skill="16" attack="8"/>
  </attacks>
  <defenses armor="1" defense="6"/>
  <immunities>
    <immunity physical="0"/>
    <immunity energy="0"/>
    <immunity fire="0"/>
    <immunity poison="0"/>
    <immunity lifedrain="0"/>
    <immunity paralyze="0"/>
    <immunity outfit="0"/>
    <immunity drunk="0"/>
    <immunity invisible="0"/>
  </immunities>
  <loot>
    <item id="5894" countmax="1" chance1="10000" chancemax="0"/>
  </loot>
</monster>
