<?xml version="1.0" encoding="UTF-8"?>
<monster name="The Halloween Hare" nameDescription="The Halloween Hare" race="blood" experience="0" speed="150" manacost="0">
	<health now="200000000" max="200000000"/>
	<look type="74" head="0" body="0" legs="0" feet="0"/>
	<targetchange interval="2000" chance="95"/>
	<strategy attack="0" defense="0"/>
	<flags>
	<flag summonable="0"/>
	<flag attackable="1"/>
	<flag hostile="1"/>
	<flag illusionable="0"/>
	<flag convinceable="0"/>
	<flag pushable="0"/>
	<flag canpushitems="1"/>
	<flag canpushcreatures="0"/>
	<flag targetdistance="2"/>
	<flag staticattack="10"/>
	<flag runonhealth="0"/>
	</flags>
	<attacks>
		<attack name="melee" interval="2000" skill="0" attack="0"/>
		<attack name="outfit" interval="2000" radius="5" chance="6" monster="bat" duration="60000">
			<attribute key="areaEffect" value="yellowspark"/>
		</attack>
		<attack name="outfit" interval="2000" radius="5" chance="5" monster="Thornback tortoise" duration="60000">
			<attribute key="areaEffect" value="yellowspark"/>
		</attack>
		<attack name="outfit" interval="2000" radius="5" chance="6" monster="orc" duration="60000">
			<attribute key="areaEffect" value="yellowspark"/>
		</attack>
		<attack name="outfit" interval="2000" radius="5" chance="5" monster="snake" duration="60000">
			<attribute key="areaEffect" value="yellowspark"/>
		</attack>
		<attack name="outfit" interval="2000" radius="5" chance="6" monster="warlock" duration="60000">
			<attribute key="areaEffect" value="yellowspark"/>
		</attack>
		<attack name="outfit" interval="2000" radius="5" chance="5" monster="witch" duration="60000">
			<attribute key="areaEffect" value="yellowspark"/>
		</attack>
		<attack name="outfit" interval="2000" radius="5" chance="5" monster="necromancer" duration="60000">
			<attribute key="areaEffect" value="yellowspark"/>
		</attack>
		<attack name="outfit" interval="2000" radius="5" chance="5" monster="dwarf geomancer" duration="60000">
			<attribute key="areaEffect" value="yellowspark"/>
		</attack>
		<attack name="outfit" interval="2000" radius="5" chance="5" monster="monk" duration="60000">
			<attribute key="areaEffect" value="yellowspark"/>
		</attack>
		<attack name="outfit" interval="2000" radius="5" chance="5" monster="crab" duration="60000">
			<attribute key="areaEffect" value="yellowspark"/>
		</attack>
		<attack name="outfit" interval="2000" radius="5" chance="5" monster="ghost" duration="60000">
			<attribute key="areaEffect" value="yellowspark"/>
		</attack>
		<attack name="outfit" interval="2000" radius="5" chance="5" monster="minotaur mage" duration="60000">
			<attribute key="areaEffect" value="yellowspark"/>
		</attack>
		<attack name="outfit" interval="2000" radius="5" chance="5" monster="green frog" duration="60000">
			<attribute key="areaEffect" value="yellowspark"/>
		</attack>
		<attack name="outfit" interval="2000" radius="5" chance="5" monster="parrot" duration="60000">
			<attribute key="areaEffect" value="yellowspark"/>
		</attack>
		<attack name="outfit" interval="2000" radius="5" chance="15" item="2096" duration="60000">
			<attribute key="areaEffect" value="yellowspark"/>
		</attack>
	</attacks>
	<defenses armor="0" defense="0">
		<defense name="healing" interval="1000" chance="50" min="1500" max="2000">
			<attribute key="areaEffect" value="blueshimmer"/>
		</defense>
	</defenses>
	<elements>
		<element firePercent="30"/>
		<element energyPercent="-10"/>
		<element physicalPercent="-500"/>
		<element deathPercent="-10"/>
	</elements>
	<immunities>
		<immunity name="energy"/>
		<immunity name="fire"/>
		<immunity name="poison"/>
		<immunity name="drown"/>
		<immunity name="lifedrain"/>
		<immunity name="paralyze"/>
		<immunity name="outfit"/>
		<immunity name="drunk"/>
		<immunity name="invisible"/>
	</immunities>
</monster>
