<?xml version="1.0" encoding="UTF-8"?>
  <monster name="Squirrel" nameDescription="a squirrel" race="blood" experience="0" speed="160" manacost="200">
    <health now="15" max="15"/>
    <look type="74" head="20" body="30" legs="40" feet="50" corpse="3119"/>
    <targetchange interval="60000" chance="0"/>
    <strategy attack="100" defense="0"/>
    <flags>
      <flag summonable="1"/>
      <flag attackable="1"/>
      <flag hostile="1"/>
      <flag illusionable="1"/>
      <flag convinceable="1"/>
      <flag pushable="1"/>
      <flag canpushitems="0"/>
      <flag staticattack="50"/>
      <flag lightlevel="0"/>
      <flag lightcolor="0"/>
      <flag targetdistance="8"/>
      <flag runonhealth="15"/>
    </flags>
    <attacks/>
    <defenses armor="0" defense="1"/>
    <immunities>
      <immunity physical="0"/>
      <immunity energy="0"/>
      <immunity fire="0"/>
      <immunity poison="0"/>
      <immunity lifedrain="0"/>
      <immunity paralyze="0"/>
      <immunity outfit="0"/>
      <immunity drunk="0"/>
      <immunity invisible="0"/>
    </immunities>
    <voices interval="60000" chance="0">
      <voice sentence="ChChCh"/>
    </voices>
    <loot>
      <item id="2684" countmax="4" chance1="70000" chancemax="0"/>
      <item id="2666" countmax="2" chance1="20000" chancemax="0"/>
      <item id="6541" countmax="1" chance1="100" chancemax="0"/>
      <item id="6542" countmax="1" chance1="100" chancemax="0"/>
      <item id="6543" countmax="1" chance1="100" chancemax="0"/>
      <item id="6544" countmax="1" chance1="100" chancemax="0"/>
      <item id="6545" countmax="1" chance1="100" chancemax="0"/>
          <item id="1989" chance="250"/>
    </loot>
  </monster>
