<?xml version="1.0" encoding="UTF-8"?>
  <monster name="Wisp" nameDescription="a wisp" race="undead" experience="65" speed="200" manacost="0">
    <health now="115" max="115"/>
    <look type="294" corpse="8946"/>
    <targetchange interval="60000" chance="0"/>
    <strategy attack="100" defense="0"/>
    <flags>
      <flag summonable="0"/>
      <flag attackable="1"/>
      <flag hostile="1"/>
      <flag illusionable="0"/>
      <flag convinceable="1"/>
      <flag pushable="0"/>
      <flag canpushitems="1"/>
      <flag staticattack="15"/>
      <flag lightlevel="0"/>
      <flag lightcolor="0"/>
      <flag targetdistance="1"/>
      <flag runonhealth="30"/>
    </flags>
    <attacks>
		<attack name="melee" interval="2000" attack="30" skill="29"/>
		<attack name="lifedrain" interval="2000" chance="15" min="-20" max="-40"/>
		<attack name="Drunk" interval="1000" chance="12">
			<attribute key="areaEffect" value="blueshimmer"/>
		</attack>
		<attack name="Drunk" interval="3000" chance="20">
			<attribute key="areaEffect" value="energyarea"/>
			<attribute key="shootEffect" value="death"/>
		</attack>
    </attacks>
    <defenses armor="10" defense="15">
		<defense name="speed" interval="2000" chance="12" speedchange="220">
			<attribute key="areaEffect" value="greenshimmer"/>
		</defense>
		<defense name="invisible" interval="1000" chance="12">
			<attribute key="areaEffect" value="blueshimmer"/>
		</defense>
	</defenses>
	<elements>
		<element energyPercent="30"/>
		<element physicalPercent="80"/>
		<element earthPercent="80"/>
	</elements>
    <immunities>
      <immunity death="1"/>
      <immunity paralyze="1"/>
    </immunities>
    <voices interval="2000" chance="5">
      <voice sentence="Crackle!"/>
      <voice sentence="Tsshh"/>
    </voices>
 </monster>
  