<?xml version="1.0" encoding="UTF-8"?>
  <monster name="Yalahari" nameDescription="a Yalahari" race="blood" experience="0" speed="200" manacost="0">
    <health now="100000" max="100000"/>
	<look type="309" head="38" body="88" legs="88" feet="115" addons="0"/>
   <targetchange interval="60000" chance="0"/>
    <strategy attack="100" defense="0"/>
    <flags>
      <flag summonable="0"/>
      <flag attackable="0"/>
      <flag hostile="0"/>
      <flag illusionable="0"/>
      <flag convinceable="0"/>
      <flag pushable="0"/>
      <flag canpushitems="1"/>
      <flag staticattack="50"/>
      <flag lightlevel="0"/>
      <flag lightcolor="0"/>
      <flag targetdistance="1"/>
      <flag runonhealth="0"/>
    </flags>
    <attacks>
      <attack name="melee" interval="2000" attack="1" skill="60"/>
    </attacks>
    <defenses armor="0" defense="0">
      <defense name="healing" interval="10000" chance="100" min="100000" max="100000"/>
    </defenses>
    <immunities>
      <immunity invisible="1"/>
    </immunities>
  </monster>