<?xml version="1.0" encoding="UTF-8"?>
<monster name="frost dragon hatchling" nameDescription="a frost dragon hatchling" race="undead" experience="745" speed="170" manacost="0">
	<health now="800" max="800"/>
	<look type="283" head="0" body="0" legs="0" feet="0" corpse="7969"/>
	<targetchange interval="2000" chance="5"/>
	<strategy attack="70" defense="10"/>
	<flags>
		<flag summonable="0"/>
		<flag attackable="1"/>
		<flag hostile="1"/>
		<flag illusionable="1"/>
		<flag convinceable="0"/>
		<flag pushable="0"/>
		<flag canpushitems="1"/>
		<flag canpushcreatures="1"/>
		<flag targetdistance="1"/>
		<flag runonhealth="80"/>
	</flags>
	<attacks>
		<attack name="melee" interval="2000" skill="60" attack="40"/>
		<attack name="ice" interval="1000" chance="12" length="8" spread="3" min="-50" max="-160">
			<attribute key="areaEffect" value="icetornado"/>
		</attack>
		<attack name="ice" interval="1000" chance="12" range="5" min="-60" max="-120">
			<attribute key="shootEffect" value="ice"/>
		</attack>
		<attack name="ice" interval="1000" chance="10" target="1" radius="4" min="0" max="-160">
			<attribute key="areaEffect" value="icearea"/>
			<attribute key="shootEffect" value="smallice"/>
		</attack>
	</attacks>
	<defenses armor="25" defense="38">
	</defenses>
	<elements>
	<element physicalPercent="5"/>
	</elements>
	<immunities>
		<immunity fire="1"/>
		<immunity earth="1"/>
		<immunity ice="1"/>
		<immunity lifedrain="0"/>
		<immunity paralyze="1"/>
		<immunity invisible="1"/>
	</immunities>
	<voices interval="5000" chance="50">
		<voice sentence="Rooawwrr" yell="0"/>
		<voice sentence="Fchu?" yell="0"/>
	</voices>
	<loot>
		<item id="7618" countmax="1" chance="5000"/>
		<item id="2672" countmax="1" chance="5000"/>
		<item id="2148" countmax="26" chance="100000"/>
    <item id="1987" chance="100000">
      <inside>
        <item id="2148" countmax="25" chance1="100000" chancemax="0"/>
      </inside>
	</item>
	</loot>
</monster>
