<?xml version="1.0" encoding="UTF-8"?>
<monster name="Leviathan" nameDescription="leviathan" race="blood" experience="20000" speed="300" manacost="390">
	<health now="60000" max="60000"/>
	<look type="275" corpse="8307"/>
	<targetchange interval="2000" chance="50"/>
	<strategy attack="100" defense="0"/>
	<flags>
		<flag summonable="0"/>
		<flag attackable="1"/>
		<flag hostile="1"/>
		<flag illusionable="0"/>
		<flag convinceable="0"/>
		<flag pushable="0"/>
		<flag canpushitems="1"/>
		<flag canpushcreatures="1"/>
		<flag targetdistance="0"/>
		<flag runonhealth="300"/>
	</flags>
	<attacks>
		<attack name="melee" interval="2000" skill="125" attack="110"/>
		<attack name="earth" interval="2000" chance="9" length="8" spread="3" min="-570" max="-1060">
			<attribute key="areaEffect" value="bigplants"/>
		</attack>
		<attack name="ice" interval="2000" chance="7" length="9" spread="3" min="-365" max="-795">
			<attribute key="areaEffect" value="icearea"/>
		</attack>
		<attack name="drown" interval="2000" chance="11" radius="4" target="1" min="-120" max="-120">
			<attribute key="areaEffect" value="bluebubble"/>
		</attack>
	</attacks>
	<defenses armor="16" defense="25">
		<defense name="healing" interval="2000" chance="25" min="200" max="250">
			<attribute key="areaEffect" value="blueshimmer"/>
		</defense>
	</defenses>
	<immunities>
		<immunity ice="1"/>
		<immunity paralyze="1"/>
		<immunity invisible="1"/>
		<immunity drown="1"/>
	</immunities>
	<voices interval="3000" chance="200">
		<voice sentence="CHHHRRRR"/>
		<voice sentence="HISSSS"/>
	</voices>
	<elements>
		<element firePercent="30"/>
		<element energyPercent="-10"/>
		<element physicalPercent="-20"/>
		<element deathPercent="-10"/>
	</elements>
	<immunities>
	<immunity ice="1"/>
	<immunity invisible="1"/>
	<immunity paralyze="1"/>
	</immunities>
	<loot>
    <item id="10529" chance="100000" /><!-- sea serpent trophy -->
    <item id="2152" countmax="5" chance="60225" /><!-- platinum coin -->
    <item id="9811" chance="89075" /><!-- rusty legs -->
    <item id="2146" countmax="5" chance="23350" /><!-- small sapphire -->
    <item id="1987" chance="100000"><!-- bag -->
        <inside>
            <item id="9808" chance="83350" /><!-- rusty armor -->
            <item id="10220" chance="100000" /><!-- leviathan's amulet -->
            <item id="7428" chance="53350" /><!-- bonebreaker -->
            <item id="7589" chance="60500" /><!-- strong mana potion -->
            <item id="10521" chance="13350" /><!-- moon backpack -->
            <item id="8887" chance="2500" /><!-- frozen plate -->
        </inside>
    </item>
</loot>


















</monster>
