﻿<?xml version="1.0" encoding="UTF-8"?>
<monster name="quara mantassin" nameDescription="a quara mantassin" race="blood" experience="400" speed="520" manacost="480">
  <health now="800" max="800"/>
  <look type="72" head="0" body="0" legs="0" feet="0" corpse="6064"/>
  <targetchange interval="5000" chance="8"/>
  <strategy attack="100" defense="0"/>
  <flags>
    <flag summonable="0"/>
    <flag attackable="1"/>
    <flag hostile="1"/>
    <flag illusionable="0"/>
    <flag convinceable="1"/>
    <flag pushable="0"/>
    <flag canpushitems="1"/>
    <flag canpushcreatures="0"/>
    <flag staticattack="90"/>
    <flag targetdistance="1"/>
    <flag runonhealth="40"/>
  </flags>
<attacks>
    <attack name="melee" interval="1000" skill="60" attack="60"/>
</attacks>
  <defenses armor="15" defense="15">
    <defense name="invisible" interval="1000" chance="30" duration="5000"> --each 7 sec invi duration 5 sec
      <attribute key="areaEffect" value="redshimmer"/>
    </defense>
  </defenses>

  <immunities>
    <immunity ice="1"/>
    <immunity fire="1"/>
    <immunity lifedrain="1"/>
    <immunity paralyze="1"/>
    <immunity invisible="1"/>
  </immunities>
      <elements>
  <element energyPercent="-25"/>
  <element earthPercent="-10"/>
  </elements>
  <voices interval="5000" chance="10">
    <voice sentence="Zuerk Pachak!"/>
    <voice sentence="Shrrrr"/>
  </voices>
<loot>
<item id="2670" chance="20000" countmax="5" /> -- shrimp
<item id="5895" chance="2200" countmax="1" /> -- fish fin
<item id="2148" chance="100000" countmax="100" /> -- gold coin
<item id="2377" chance="2118" /> -- two-handed sword
<item id="7892" chance="1800" /> -- Glacier Shoes
<item id="1987" chance="100000" > -- bag
<inside>
	<item id="5895" chance="3333" countmax="1" /> -- fish fin
	<item id="2229" chance="4000" countmax="1" /> -- skull
        <item id="2165" chance="1250" /> -- stealth ring
        <item id="2656" chance="500" /> -- blue robe
</inside>
</item>
</loot>

</monster>
