﻿<?xml version="1.0" encoding="UTF-8"?>
<monster name="quara predator" nameDescription="a quara predator" race="blood" experience="1600" speed="310" manacost="0">
  <health now="2200" max="2200"/>
  <look type="20" head="0" body="0" legs="0" feet="0" corpse="6067"/>
  <targetchange interval="5000" chance="8"/>
  <strategy attack="100" defense="0"/>
  <flags>
    <flag summonable="0"/>
    <flag attackable="1"/>
    <flag hostile="1"/>
    <flag illusionable="0"/>
    <flag convinceable="0"/>
    <flag pushable="0"/>
    <flag canpushitems="1"/>
    <flag canpushcreatures="1"/>
    <flag staticattack="90"/>
    <flag targetdistance="1"/>
    <flag runonhealth="0"/>
  </flags>
	<attacks>
		<attack name="melee" interval="2000" skill="90" attack="90"/>
	</attacks>
  <defenses armor="40" defense="45">
    <defense name="healing" interval="1000" chance="25" min="113" max="187">
      <attribute key="areaEffect" value="blueshimmer"/>
    </defense>
  </defenses>
   <elements>
	<element energyPercent="-25"/>
	<element earthPercent="-10"/>
  </elements>
  <immunities>
    <immunity ice="1"/>
    <immunity fire="1"/>
    <immunity lifedrain="1"/>
    <immunity paralyze="1"/>
    <immunity invisible="1"/>
  </immunities>
  <voices interval="5000" chance="10">
    <voice sentence="Gnarrr!"/>
  </voices>
<loot>
	<item id="2670" chance="20000" countmax="5" /> -- shrimp
	<item id="5895" chance="2000" countmax="1" /> -- fish fin
	<item id="7368" chance="1900" countmax="3" /> -- Assassin Star
	<item id="2148" chance="100000" countmax="100" /> -- gold coin
	<item id="7897" chance="1700" /> -- Glacier Robe
	<item id="2387" chance="2000" /> -- double axe
	<item id="1987" chance="100000" > -- bag
		<inside>
			<item id="2473" chance="3333" /> -- viking helmet
			<item id="2145" chance="1429" countmax="1" /> -- small diamond
			<item id="2483" chance="4000" /> -- scale armor
			<item id="7368" chance="1400" /> -- Relic Sword
			<item id="5741" chance="1100" /> -- skull helmet
		</inside>
	</item>
</loot>
</monster>
