<?xml version="1.0" encoding="UTF-8"?>
<monster name="Thul" nameDescription="Thul" race="undead" experience="1800" speed="180" manacost="0">
	<health now="3000" max="3000"/>
	<look type="46" head="0" body="0" legs="0" feet="0" corpse="6065"/>
	<targetchange interval="2000" chance="5"/>
	<strategy attack="100" defense="0"/>
	<flags>
		<flag summonable="0"/>
		<flag attackable="1"/>
		<flag hostile="1"/>
		<flag illusionable="0"/>
		<flag convinceable="0"/>
		<flag pushable="0"/>
		<flag canpushitems="1"/>
		<flag staticattack="50"/>
		<flag lightlevel="0"/>
		<flag lightcolor="0"/>
		<flag targetdistance="1"/>
		<flag runonhealth="0"/>
	</flags>
	<attacks>
		<attack name="melee" interval="2000" skill="80" attack="75"/>
		<attack name="physical" interval="1000" chance="11" target="0" radius="3" min="0" max="-170">
		<attribute key="areaEffect" value="blackspark"/>
		</attack>
		<attack name="ice" interval="1000" chance="12" target="0" radius="5" min="-110" max="-140">
		<attribute key="areaEffect" value="icearea"/>
		</attack>
	</attacks>
	<defenses armor="35" defense="40"/>
	<elements>
	<element energyPercent="-20"/>
	</elements>
	<immunities>
		<immunity lifedrain="0"/>
		<immunity ice="1"/>
	</immunities>
	<voices interval="5000" chance="10">
		<voice sentence="Gaaahhh!"/>
	</voices>
	<summons maxSummons="2">
		<summon name="massive water elemental" interval="1000" chance="8"/>
	</summons>
	<loot>
		<item id="2148" countmax="80" chance1="100000" chancemax="0"/> --Gold Coin
		<item id="2148" countmax="70" chance1="100000" chancemax="0"/> -- Gold Coin
		<item id="5895" countmax="1" chance1="100000" chancemax="0"/> -- Fish Fin
		<item id="5741" chance="3000"/> -- Skull Helmet
		<item id="7383" chance="1200"/> -- Relic Sword
	</loot>
</monster>

