<?xml version="1.0" encoding="UTF-8"?>
<monster name="Shredderthrower" nameDescription="a shredderthrower" race="undead" experience="18" speed="0" manacost="0">
  <health now="100" max="100"/>
  <look typeex="1551" head="0" body="0" legs="0" feet="0" corpse="1740"/>
  <targetchange interval="2000" chance="0"/>
  <strategy attack="100" defense="0"/>
  <flags>
    <flag summonable="0"/>
    <flag attackable="0"/>
    <flag hostile="1"/>
    <flag illusionable="0"/>
    <flag convinceable="0"/>
    <flag pushable="0"/>
    <flag canpushitems="0"/>
    <flag canpushcreatures="1"/>
    <flag targetdistance="1"/>
    <flag runonhealth="100"/>
  </flags>
  <attacks>
    <attack name="melee" interval="2000" skill="1" attack="1"/>
    <attack name="physical" interval="1000" chance="100" range="7" min="-80" max="-140">
      <attribute key="shootEffect" value="throwingstar"/>
      <attribute key="areaEffect" value="yellowspark"/>
    </attack>
  </attacks>
  <defenses armor="1" defense="1"/>
  <immunities>
    <immunity physical="1"/>
    <immunity energy="1"/>
    <immunity fire="1"/>
    <immunity poison="1"/>
    <immunity lifedrain="1"/>
    <immunity paralyze="1"/>
    <immunity outfit="1"/>
    <immunity drunk="1"/>
    <immunity invisible="1"/>
  </immunities>
</monster>
