<?xml version="1.0" encoding="UTF-8"?>
<monster name="Koshei The Deathless" nameDescription="Koshei The Deathless" race="undead" experience="0" speed="390" manacost="0">
	<health now="2000" max="2000"/>
	<look type="99" head="95" body="116" legs="119" feet="115" corpse="6028"/>
	<targetchange interval="5000" chance="8"/>
	<strategy attack="100" defense="0"/>
	<flags>
		<flag summonable="0"/>
		<flag attackable="1"/>
		<flag hostile="1"/>
		<flag illusionable="0"/>
		<flag convinceable="0"/>
		<flag pushable="0"/>
		<flag canpushitems="1"/>
		<flag canpushcreatures="1"/>
		<flag targetdistance="1"/>
		<flag staticattack="90"/>
		<flag runonhealth="0"/>
	</flags>
	<attacks>
		<attack name="melee" interval="2000" min="-90" max="-170" poison="300"/>
		<attack name="lifedrain" interval="3000" chance="9" range="1" min="-60" max="-250">
			<attribute key="areaEffect" value="blueshimmer"/>
		</attack>
		<attack name="lifedrain" interval="1000" chance="11" radius="3" target="0" min="-70" max="-135">
			<attribute key="areaEffect" value="redshimmer"/>
		</attack>
		<attack name="death" interval="2000" chance="9" length="8" spread="0" min="-50" max="-140">
			<attribute key="areaEffect" value="mortarea"/>
		</attack>
		<attack name="cursecondition" interval="3000" chance="15" range="1" min="-54" max="-54"/>
		<attack name="speed" interval="2000" chance="15" range="7" speedchange="-900" duration="30000">
			<attribute key="areaEffect" value="redshimmer"/>
		</attack>
	</attacks>
	<defenses armor="20" defense="20">
		<defense name="healing" interval="1000" chance="30" min="150" max="300">
			<attribute key="areaEffect" value="blueshimmer"/>
		</defense>
	</defenses>
	<elements>
		<element icePercent="20"/>
		<element physicalPercent="90"/>
		<element energyPercent="90"/>
		<element holyPercent="-15"/>
		<element firePercent="-10"/>
	</elements>
	<immunities>
		<immunity death="1"/>
		<immunity earth="1"/>
		<immunity paralyze="1"/>
		<immunity lifedrain="1"/>
		<immunity invisible="1"/>
	</immunities>
	<summons maxSummons="1">
		<summon name="bonebeast" interval="1000" chance="16" max="1"/>
	</summons>
	<voices interval="5000" chance="10">
		<voice sentence="Your pain will be beyond imagination!"/>
		<voice sentence="You can't defeat me! I will ressurect and take your soul!"/>
		<voice sentence="Death is my ally!"/>
		<voice sentence="Welcome to my domain, visitor!"/>
		<voice sentence="You will be my toy on the other side!"/>
		<voice sentence="What a disgusting smell of life!"/>
	</voices>
	<loot>
		<item id="2148" countmax="100" chance1="100000" chancemax="0"/>
		<item id="2401" chance="10000"/> --staff
		<item id="2171" chance="1666"/> --platinium amulet
		<item id="2656" chance="709"/> --blue robe
		<item id="7893" chance="688"/> --lightning boots

		<item id="1987" chance="100000">
			<item id="2535" chance="588"/> --castle shield
			<item id="2165" chance="888"/> --stealth ring
			<item id="2237" chance="10000"/> --dirty cape
			<item id="2148" countmax="12" chance1="80000" chancemax="0"/>
			<item id="2175" chance="10000"/> --spell book
			<item id="2179" chance="900"/> --gold ring
			<item id="3961" chance="1000"/> --liche staff
		</item>
	</loot>
</monster>
