﻿<?xml version="1.0" encoding="UTF-8"?>
<monster name="Mimic" nameDescription="a mimic" race="blood" experience="70" speed="1000" manacost="0">
  <health now="50" max="50"/>
  <look type="92" head="20" body="30" legs="40" feet="50" corpse="1740"/>
  <targetchange interval="5000" chance="8"/>
  <strategy attack="100" defense="0"/>
  <flags>
    <flag summonable="0"/>
    <flag attackable="1"/>
    <flag hostile="1"/>
    <flag illusionable="0"/>
    <flag convinceable="0"/>
    <flag pushable="1"/>
    <flag canpushitems="0"/>
    <flag canpushcreatures="0"/>
    <flag targetdistance="1"/>
    <flag staticattack="90"/>
    <flag runonhealth="0"/>
  </flags>
  <attacks>
    <attack name="melee" interval="2000" skill="23" attack="9"/>
  </attacks>
  <defenses armor="2" defense="3"/>
  <immunities>
    <immunity physical="0"/>
    <immunity energy="0"/>
    <immunity fire="0"/>
    <immunity poison="0"/>
    <immunity lifedrain="0"/>
    <immunity paralyze="0"/>
    <immunity outfit="0"/>
    <immunity drunk="0"/>
    <immunity invisible="0"/>
  </immunities>
  <loot>
    <item id="2148" countmax="3" chance1="100000" chancemax="0"/>
  </loot>
</monster>
