﻿<?xml version="1.0" encoding="UTF-8"?>
<monster name="Foreman Kneebiter" nameDescription="Foreman Kneebiter" race="blood" experience="570" speed="200">
	<health now="445" max="445"/>
	<look type="70" head="20" body="30" legs="40" feet="50" corpse="6013"/>
	<targetchange interval="5000" chance="8"/>
	<strategy attack="100" defense="0"/>
	<flags>
		<flag attackable="1"/>
		<flag hostile="1"/>
		<flag canpushitems="1"/>
		<flag targetdistance="1"/>
		<flag staticattack="90"/>
	</flags>
	<attacks>
		<attack name="melee" interval="2000" min="-60" max="-200"/>
	</attacks>
	<defenses armor="15" defense="22"/>
	<elements>
		<element earthPercent="90"/>
		<element physicalPercent="20"/>
		<element firePercent="-5"/>
		<element deathPercent="-5"/>
	</elements>
	<immunities>
		<immunity invisible="1"/>
	</immunities>
	<loot capacity="400">
		<item id="5880" chance="2500" countmax="2" /> <!-- iron ore -->
		<item id="2148" countmax="100" chance1="90000" chancemax="0"/>
		<item id="2513" chance="6666"/>
	</loot>
</monster>