﻿<?xml version="1.0" encoding="UTF-8"?>
<monster name="Mad Technomancer" nameDescription="a Mad Technomancer" race="blood" experience="55" speed="200" manacost="0">
	<health now="1000" max="1000"/>
	<look type="66" head="20" body="30" legs="40" feet="50" corpse="6015"/>
	<targetchange interval="500" chance="25"/>
	<strategy attack="100" defense="0"/>
	<flags>
		<flag summonable="0"/>
		<flag attackable="1"/>
		<flag hostile="1"/>
		<flag illusionable="1"/>
		<flag convinceable="0"/>
		<flag pushable="0"/>
		<flag canpushitems="1"/>
		<flag canpushcreatures="1"/>
		<flag targetdistance="4"/>
		<flag staticattack="90"/>
		<flag runonhealth="150"/>
	</flags>
	<attacks>
		<attack name="melee" interval="2000" skill="50" attack="40"/>
		<attack name="fire" interval="1000" chance="10" range="7" radius="4" target="1" min="-50" max="-120">
			<attribute key="shootEffect" value="fire"/>
			<attribute key="areaEffect" value="firearea"/>
		</attack>
		<attack name="physical" interval="1000" chance="34" range="7" min="-55" max="-105">
			<attribute key="shootEffect" value="largerock"/>
		</attack>
		<attack name="manadrain" interval="1000" chance="25" range="7" min="-50" max="-80"/>
	</attacks>
	<defenses armor="15" defense="15">
		<defense name="healing" interval="1000" chance="50" min="75" max="325">
			<attribute key="areaEffect" value="blueshimmer"/>
		</defense>
	</defenses>
	<elements>
		<element earthPercent="80"/>
		<element firePercent="60"/>
		<element energyPercent="10"/>
		<element holyPercent="10"/>
		<element icePercent="-10"/>
		<element deathPercent="-5"/>
	</elements>
	<immunities>
		<immunity invisible="1"/>
	</immunities>
	<voices interval="5000" chance="10">
		<voice sentence="I'm going to make them an offer they can't refuse."/>
		<voice sentence="My masterplan cannot fail!"/>
		<voice sentence="Gentlemen, you can't fight here! This is the War Room!"/>
	</voices>
	<loot>
		<item id="7699" chance="1000000"/>
	</loot>
</monster>
