<?xml version="1.0" encoding="UTF-8"?>
<monster name="Azerus" nameDescription="a azerus" race="blood" experience="10000" speed="268" manacost="0">
	<health now="15000" max="15000"/>
	<look type="309" head="20" body="30" legs="40" feet="50" corpse="6080"/>
	<targetchange interval="5000" chance="8"/>
	<strategy attack="100" defense="0"/>
	<flags>
		<flag summonable="0"/>
		<flag attackable="1"/>
		<flag hostile="1"/>
		<flag illusionable="0"/>
		<flag convinceable="0"/>
		<flag pushable="0"/>
		<flag canpushitems="1"/>
		<flag canpushcreatures="1"/>
		<flag targetdistance="1"/>
		<flag staticattack="90"/>
		<flag runonhealth="0"/>
	</flags>
	<attacks>
		<attack name="melee" interval="2000" min="-500" max="-900"/>
		<attack name="manadrain" interval="2000" chance="30" range="7" min="-0" max="-1500">
			<attribute key="shootEffect" value="energy"/>
			<attribute key="areaEffect" value="poff"/>
		</attack>
		  <attack name="manadrain" interval="2000" chance="25" range="7" radius="7" target="1" min="-0" max="-800">
			<attribute key="shootEffect" value="fire"/>
			<attribute key="areaEffect" value="bigclouds"/>
		</attack>
		<attack name="death" interval="2000" chance="24" range="7" min="-0" max="-524">
				  <attribute key="shootEffect" value="suddendeath"/>
				<attribute key="areaEffect" value="mortarea"/>
		  </attack>
		<attack name="lifedrain" interval="1000" chance="23" length="8" spread="0" min="-100" max="-500">
			<attribute key="areaEffect" value="sleep"/>
		</attack>
	</attacks>
	<defenses armor="30" defense="20">
		<defense name="healing" interval="1000" chance="15" min="150" max="500">
			<attribute key="areaEffect" value="blueshimmer"/>
		</defense>
	</defenses>
	<elements>
		<element energyPercent="60"/>
		<element icePercent="50"/>
		<element firePercent="50"/>
		<element holyPercent="50"/>
		<element earthPercent="50"/>
		<element physicalPercent="40"/>
		<element deathPercent="60"/>
	</elements>
	<immunities>
		<immunity paralyze="1"/>
		<immunity invisible="1"/>
	</immunities>
  <voices interval="5000" chance="10">
	<voice sentence="The ultimate will finally consume this unworthy existence!" yell="1"/>
	<voice sentence="My masters and I will tear down barriers and join the ultimate in its realm!" yell="1"/>
	<voice sentence="The power of the Yalahari will all be mine!" yell="1"/>
	<voice sentence="We will open the rift for a new time to come!"/>
	<voice sentence="He who has returned from beyond has taught me secrets you can't even grasp!"/>
	<voice sentence="The end of times has come!"/>
	<voice sentence="The great machinator will make his entrance soon!"/>
	<voice sentence="You might scratch my shields but they will never break!"/>
	<voice sentence="You can't hope to penetrate my shields!"/>
	<voice sentence="Do you really think you could beat me?"/>
  </voices>
	<loot>
	</loot>
</monster>