<?xml version="1.0" encoding="UTF-8"?>
<monster name="Crazed Beggar" nameDescription="a crazed beggar" race="blood" experience="35" speed="220" manacost="300">
  <health now="100" max="100"/>
  <look type="153" body="38" feet="97" head="59" legs="38" addons="3" corpse="3058"/>
  <targetchange interval="4000" chance="0"/>
  <strategy attack="100" defense="0"/>
  <flags>
    <flag summonable="1"/>
    <flag attackable="1"/>
    <flag hostile="1"/>
    <flag illusionable="1"/>
    <flag convinceable="1"/>
    <flag pushable="1"/>
    <flag canpushitems="0"/>
    <flag canpushcreatures="0"/>
    <flag staticattack="80"/>
    <flag targetdistance="1"/>
    <flag runonhealth="10"/>
  </flags>
  <attacks>
    <attack name="melee" interval="2000" skill="13" attack="15"/>
  </attacks>
  <defenses armor="11" defense="16"/>
  <immunities/>
  <elements>
	<element physicalPercent="5"/>
	<element energyPercent="20"/>
	<element holyPercent="10"/>
	<element earth="-10"/>
	<element death="-15"/>
  </elements>
  <voices interval="4000" chance="16">
    <voice sentence="You are one of THEM! Die!"/>
    <voice sentence="Wanna buy roses??"/>
  </voices>
  <loot>
    <item id="2148" countmax="9" chance1="30000" chancemax="0"/> --Gold
    <item id="2666" countmax="3" chance1="19000"/> --Meat
    <item id="2237" chance="27000"/> --Dirty Cape
    <item id="2744" chance="11000"/> --Red Rose
    <item id="2370" chance="8000"/> --Lute
    <item id="1987" chance="100000">
      <inside>
	    <item id="2690" countmax="1" chance1="11290"/> --Roll
        <item id="2567" chance="33000"/> --Wooden Spoon
        <item id="1681" chance="5500"/> --Blue Pillow
        <item id="2213" chance="1500"/> --Dwarven ring
		<item id="9808" chance="3500"/> --Rusty Armor
      </inside>
    </item>
  </loot>
</monster>
