<?xml version="1.0" encoding="UTF-8"?>
<monster name="Gang Member" nameDescription="a gang member" race="blood" experience="70" speed="220" manacost="420">
  <health now="295" max="295"/>
  <look type="151" head="114" body="19" legs="42" feet="20" corpse="3058"/>
  <targetchange interval="2000" chance="0"/>
  <strategy attack="100" defense="0"/>
  <flags>
    <flag summonable="1"/>
    <flag attackable="1"/>
    <flag hostile="1"/>
    <flag illusionable="1"/>
    <flag convinceable="1"/>
    <flag pushable="1"/>
    <flag canpushitems="0"/>
    <flag canpushcreatures="0"/>
    <flag staticattack="90"/>
    <flag targetdistance="1"/>
    <flag runonhealth="45"/>
  </flags>
  <attacks>
    <attack name="melee" interval="2000" skill="20" attack="25"/>
  </attacks>
  <defenses armor="14" defense="16"/>
  <immunities/>
  <elements>
	<element deathPercent="-10"/>
  </elements>
  <voices interval="5000" chance="10">
    <voice sentence="I don't like the way you look!"/>
    <voice sentence="You're wearing the wrong colours!"/>
	<voice sentence="This is our territory!"/>
  </voices>
  <loot>
    <item id="2148" countmax="23" chance1="65000" chancemax="0"/> --Gold
    <item id="2468" chance="19000"/> --Studded LEgs
    <item id="2666" countmax="2" chance1="33333"/> --MEat
    <item id="2389" chance="11500"/> --Mace
	<item id="1987" chance="100000">
      <inside>
        <item id="2649" chance="38000"/> --Leather Legs
        <item id="2689" countmax="2" chance1="20000" chancemax="0"/> --Bread
        <item id="2209" chance="2500"/> --Club ring
      </inside>
    </item>
  </loot>
</monster>
