<?xml version="1.0"?>
<monster name="Haunted Treeling" description="a haunted treeling" experience="310" speed="250" race="undead">
	<health now="450" max="450"/>  
	<strategy attack="100" defense="0"/>  
	<targetchange speed="0" chance="8"/>  
	<look type="310" corpse="9867"/>  
	<flags>
		<flag canpushitems="1"/>   
		<flag canpushcreatures="1"/>    
		<flag hostile="1"/>    
		<flag attackable="1"/>    
		<flag pushable="0"/>    
		<flag staticattack="90"/>    
		<flag targetdistance="1"/>  
	</flags>  
	<attacks>    
		<attack name="melee" interval="2000"  skill="55" attack="55" />    
		<attack name="manadrain" interval="2000" chance="12" target="0" range="1" radius="4" min="-24" max="-100">           
			<attribute key="areaEffect" value="redshimmer"/>    
		</attack>       
		<attack name="speed" interval="3000" chance="20" length="5" spread="0" duration="30000" speedchange="-600">      
			<attribute key="areaEffect" value="smallplants"/>    
		</attack> 
		<attack name="physical" interval="2000" chance="12" min="0" max="-70"> 
			<attribute key="areaEffect" value="plantattack"/>
			<attribute key="shootEffect" value="earth"/>
		</attack>
		<attack name="earth" interval="1000" chance="12" target="1" radius="4" min="-55" max="-100"> 
			<attribute key="areaEffect" value="stones"/>
			<attribute key="shootEffect" value="earth"/>
		</attack>
	</attacks>  
	<defenses armor="50" defense="55"/>  
	<elements>	
		<element firePercent="-5"/>
		<element deathPercent="1"/>	
		<element icePercent="10"/>
		<element holyPercent="20"/>  
	</elements>
	<immunities>    
		<immunity earth="1"/>
	</immunities>
	<voices interval="7500" chance="20">
		<voice sentence="Knarrrz"/>
		<voice sentence="Huuhuuhuuhuuaarrr"/>
		<voice sentence="Knorrrrrr"/>
	</voices>  
	<loot>
		<item id="2787" countmax="2" chance1="25000" chancemax="0"/> <!-- white mushroom -->
		<item id="2250" countmax="1" chance1="65000" chancemax="0"/> <!-- wooden trash -->
		<item id="7443" chance="500"/> <!-- bullseye potion -->		
		<item id="2790" countmax="1" chance1="23000" chancemax="0"/> <!-- orange mushroom -->
		<item id="2148" countmax="92" chance1="100000" chancemax="0"/> <!-- gps -->
		<item id="1987" chance="100000">
			<inside>
				<item id="2788" chance="10000"/> <!-- red mushroom -->
				<item id="7618" chance="5000"/> <!-- health potion -->
				<item id="7588" chance="2500"/> <!-- strong health potion -->
				<item id="2146" chance="2000"/> <!-- small emerald -->
				<item id="2213" chance="1200"/> <!-- dwarven ring -->
				<item id="2515" chance="300"/> <!-- guardian shield -->
			</inside>
		</item>
	</loot>
</monster>
