<?xml version="1.0" encoding="UTF-8"?>
<monster name="Mutated Rat" nameDescription="a mutated rat" race="blood" experience="450" speed="260" manacost="0">
	<health now="550" max="550"/>
	<look type="305" corpse="9871"/>
	<targetchange interval="5000" chance="8"/>
	<strategy attack="100" defense="0"/>
	<flags>
		<flag summonable="0"/>
		<flag attackable="1"/>
		<flag hostile="1"/>
		<flag illusionable="0"/>
		<flag convinceable="0"/>
		<flag pushable="0"/>
		<flag canpushitems="1"/>
		<flag canpushcreatures="1"/>
		<flag targetdistance="1"/>
		<flag staticattack="90"/>
		<flag runonhealth="0"/>
	</flags>
	<attacks>
		<attack name="melee" interval="2000" skill="65" attack="65" poison="50"/>
		<attack name="earth" interval="2000" chance="18" range="7" min="-45" max="-85">
			<attribute key="shootEffect" value="poison"/>
		</attack>
		<attack name="poisoncondition" interval="3000" chance="5" length="5" spread="0" min="-40" max="-50">      
			<attribute key="areaEffect" value="poison"/>    
		</attack>
		<attack name="speed" interval="2000" chance="15" range="7" target="1" duration="30000" speedchange="-600">      
			<attribute key="areaEffect" value="redshimmer"/>    
		</attack> 
		<attack name="lifedrain" interval="1000" chance="7" radius="3" target="0" min="-0" max="-50">
			<attribute key="areaEffect" value="redshimmer"/>
		</attack>	
	</attacks>
	<defenses armor="30" defense="30">
		<defense name="healing" interval="2000" chance="10" min="50" max="80">
			<attribute key="areaEffect" value="blueshimmer"/>
		</defense>
	</defenses>
	<elements>
		<element firePercent="-10"/>
		<element holyPercent="10"/>
	</elements>
	<immunities>
		<immunity death="1"/>
		<immunity earth="1"/>
		<immunity paralyze="1"/>
		<immunity lifedrain="1"/>
		<immunity drunk="1"/>
		<immunity drown="1"/>
		<immunity invisible="1"/>
	</immunities>
	<voices interval="4500" chance="10">
		<voice sentence="Grrrrrrrrrrrrrr!"/>
		<voice sentence="Fcccccchhhhhh"/>
	</voices>
  <loot>
    <item id="2320" chance="12500"/> --skull
    <item id="2335" chance="7500"/> --moldy cheese
    <item id="2799" chance="6500"/> --stone herb
    <item id="2796" countmax="1" chance1="2000" /> -- green mushroom
    <item id="7618" chance="50"/> --hp
	<item id="2148" countmax="75" chance1="100000" chancemax="0"/> -- Gold
    <item id="2148" countmax="53" chance1="100000" chancemax="0"/> -- Gold
	<item id="1987" chance="100000"> -- Bag
		<inside>
			<item id="2510" countmax="1" chance1="6000"/> --plate shield
			<item id="2381" chance="3000"/> --halberd
			<item id="2165" chance="500"/> --stealth ring        
			<item id="8900" chance="250"/> --spellbook of enlightenment
			<item id="2528" chance="250"/> --tower shield
		</inside>
	</item>
</loot>
</monster>
