<?xml version="1.0" encoding="UTF-8"?>
<monster name="War Golem" nameDescription="a war golem" race="energy" experience="2550" speed="280" manacost="0">
	<health now="4300" max="4300"/>
	<look type="326" corpse="10005"/>
	<targetchange interval="5000" chance="8"/>
	<strategy attack="100" defense="0"/>
	<flags>
		<flag summonable="0"/>
		<flag attackable="1"/>
		<flag hostile="1"/>
		<flag illusionable="0"/>
		<flag convinceable="0"/>
		<flag pushable="0"/>
		<flag canpushitems="1"/>
		<flag canpushcreatures="1"/>
		<flag targetdistance="1"/>
		<flag staticattack="90"/>
		<flag runonhealth="0"/>
	</flags>
	<attacks>
		<attack name="melee" interval="2000" skill="50" attack="100"/>
		<attack name="skills" interval="2000" chance="9" range="7" target="1" sword="-1" club="-1" fist="-1" axe="-1">
			<attribute key="areaEffect" value="redspark"/>
		</attack>
		<attack name="skills" interval="2000" chance="11" length="8" spread="0" shielding="-1">
			<attribute key="areaEffect" value="redspark"/>
		</attack>
		<attack name="energy" interval="2000" chance="13" range="7" target="1" min="-165" max="-220">
			<attribute key="shootEffect" value="energyball"/>
			<attribute key="areaEffect" value="energyarea"/>
		</attack>
		<attack name="energycondition" interval="2000" chance="7" length="8" spread="0" min="-200" max="-200">
			<attribute key="areaEffect" value="energy"/>
		</attack>
		<attack name="outfit" interval="2000" chance="15" range="7" monster="skeleton" duration="5000">
			<attribute key="areaeffect" value="blueshimmer"/>
		</attack>
	</attacks>
	<defenses armor="40" defense="45">
		<defense name="speed" interval="2000" chance="12" speedchange="290" duration="4000">
			<attribute key="areaEffect" value="redshimmer"/>
		</defense>
		<defense name="healing" interval="2000" chance="15" min="400" max="460">
			<attribute key="areaEffect" value="blueshimmer"/>
		</defense>
	</defenses>
	<elements>
		<element earthPercent="50"/>
		<element holyPercent="30"/>
		<element firePercent="15"/>
		<element energyPercent="5"/>
		<element physicalPercent="10"/>
		<element icePercent="30"/>
		<element deathPercent="20"/>
	</elements>
	<immunities>
		<immunity invisible="1"/>
		<immunity paralyze="1"/>
	</immunities>
	<voices interval="2500" chance="10">
		<voice sentence="Azerus barada nikto!"/>
		<voice sentence="Klonk klonk klonk"/>
		<voice sentence="Engaging Enemy!"/>
		<voice sentence="Threat level processed."/>
		<voice sentence="Charging weapon systems!"/>
		<voice sentence="Auto repair in progress."/>
		<voice sentence="The battle is joined!"/>
		<voice sentence="Termination initialized!"/>
		<voice sentence="Rrrtttarrrttarrrtta"/>		
	</voices>
	<loot>
    <item id="2513" chance="5350" /><!-- battle shield -->
    <item id="9976" chance="1500" /><!-- crystal pedestal -->
    <item id="8473" chance="10675" /><!-- ultimate health potion -->
    <item id="7439" chance="1375" /><!-- berserk potion -->
    <item id="5880" countmax="3" chance="2750" /><!-- iron ore -->
    <item id="2377" chance="5500" /><!-- two handed sword -->
    <item id="8309" countmax="5" chance="3625" /><!-- nail -->
    <item id="9809" chance="3425" /><!-- rusty armor -->
    <item id="7590" chance="9850" /><!-- great mana potion -->
    <item id="2510" chance="9300" /><!-- plate shield -->
    <item id="2394" chance="8175" /><!-- morning star -->
    <item id="2438" chance="2775" /><!-- epee -->
    <item id="2148" countmax="100" chance="42975" /><!-- gold coin -->
    <item id="2148" countmax="100" chance="42975" /><!-- gold coin -->
    <item id="2148" countmax="56" chance="42975" /><!-- gold coin -->
    <item id="1987" chance="100000"><!-- bag -->
        <inside>
            <item id="10571" chance="8475" /><!-- war crystal -->
            <item id="2209" chance="1450" /><!-- club ring -->
            <item id="7428" chance="1200" /><!-- bonebreaker -->
            <item id="2213" chance="1700" /><!-- dwarven ring -->
            <item id="2177" chance="1950" /><!-- life crystal -->
            <item id="2645" chance="1300" /><!-- steel boots -->
            <item id="7403" chance="1375" /><!-- berserker -->
            <item id="7893" chance="1375" /><!-- lightning boots -->
            <item id="7422" chance="1300" /><!-- jade hammer -->
            <item id="9980" chance="1300" /><!-- crystal of power -->
        </inside>
    </item>
</loot>




















</monster>
