<?xml version="1.0" encoding="UTF-8"?>
<monster name="Worker Golem" nameDescription="a worker golem" race="undead" experience="1250" speed="270" manacost="0">
	<health now="1400" max="1400"/>
	<look type="304" corpse="9801"/>
	<targetchange interval="5000" chance="8"/>
	<strategy attack="100" defense="0"/>
	<flags>
		<flag summonable="0"/>
		<flag attackable="1"/>
		<flag hostile="1"/>
		<flag illusionable="0"/>
		<flag convinceable="0"/>
		<flag pushable="0"/>
		<flag canpushitems="1"/>
		<flag canpushcreatures="1"/>
		<flag targetdistance="1"/>
		<flag staticattack="90"/>
		<flag runonhealth="0"/>
	</flags>
	<attacks>
		<attack name="melee" interval="2000" skill="68" attack="68"/>
		<attack name="physical" interval="1000" chance="5" range="7" min="-0" max="-125">
			<attribute key="shootEffect" value="explosion"/>
		</attack>		
	</attacks>
	<defenses armor="50" defense="45">
		<defense name="healing" interval="5000" chance="5" min="500" max="520">
			<attribute key="areaEffect" value="blueshimmer"/>
		</defense>
	</defenses>
	<elements>
		<element earthPercent="50"/>
		<element holyPercent="50"/>
		<element firePercent="-10"/>
		<element energyPercent="-5"/>
		<element physicalPercent="10"/>
		<element icePercent="10"/>
		<element deathPercent="10"/>
	</elements>
	<immunities>
		<immunity invisible="1"/>
		<immunity paralyze="1"/>
	</immunities>
	<voices interval="2500" chance="10">
		<voice sentence="INTRUDER ALARM!"/>
		<voice sentence="klonk klonk klonk"/>
		<voice sentence="Rrrtttarrrttarrrtta"/>
		<voice sentence="Awaiting orders."/>
		<voice sentence="Secret objective complete."/>	
	</voices>
	<loot>
		<item id="8309" countmax="5" chance1="1500" chancemax="0"/> -- nails 
		<item id="9690" countmax="2" chance1="1000" chancemax="0"/> -- gear wheele 
		<item id="2148" countmax="75" chance1="100000" chancemax="0"/> -- gps 
		<item id="2148" countmax="75" chance1="100000" chancemax="0"/> -- gps 
		<item id="5880" chance="2000"/> -- iron ore 
        <item id="7591" chance="1000"/> --ghp
        <item id="8472" chance="1000"/> --gsp
		<item id="7452" chance="600"/> -- spiked squelcher
		<item id="1987" chance="100000">
			<inside>
		        <item id="2145" countmax="2" chance1="5500" chancemax="0"/> -- small diamond 
				<item id="7439" chance="3000"/> -- berserk potion 
				<item id="2177" chance="2000"/> -- life crystal 
				<item id="9812" chance="2000"/> -- rusty legs 
				<item id="9809" chance="1000"/> -- rusty armor 
				<item id="9976" chance="1000"/> -- crystal pedestal 			
				<item id="2164" chance="250"/> - might ring 
				<item id="2391" chance="500"/> -- war hammer 
				<item id="7428" chance="250"/> -- bonebreaker 
				<item id="2207" chance="400"/> -- sword ring 
			</inside>
		</item>
	</loot>
</monster>
