<?xml version="1.0" encoding="UTF-8"?>
<monster name="flamingo" nameDescription="a flamingo" race="blood" experience="0" speed="180" manacost="250">
  <health now="25" max="25"/>
  <look type="212" head="20" body="30" legs="40" feet="50" corpse="6054"/>
  <targetchange interval="5000" chance="20"/>
  <strategy attack="100" defense="0"/>
  <flags>
    <flag summonable="1"/>
    <flag attackable="1"/>
    <flag hostile="0"/>
    <flag illusionable="1"/>
    <flag convinceable="1"/>
    <flag pushable="1"/>
    <flag canpushitems="0"/>
    <flag canpushcreatures="0"/>
    <flag staticattack="90"/>
    <flag runonhealth="25"/>
  </flags>
  <attacks>
    <attack name="melee" interval="2000" skill="9" attack="4"/>
  </attacks>
  <defenses armor="1" defense="6"/>
  <immunities>
    <immunity physical="0"/>
    <immunity energy="0"/>
    <immunity fire="0"/>
    <immunity poison="0"/>
    <immunity lifedrain="0"/>
    <immunity paralyze="0"/>
    <immunity outfit="0"/>
    <immunity drunk="0"/>
    <immunity invisible="0"/>
  </immunities>
  <loot>
    <item id="3976" countmax="10" chance1="50000" chancemax="0"/>
    <item id="3976" countmax="10" chance1="50000" chancemax="0"/>
  </loot>
</monster>
