<?xml version="1.0" encoding="UTF-8"?>
<monster name="terror bird" nameDescription="a terror bird" race="blood" experience="150" speed="280" manacost="490">
  <health now="300" max="300"/>
  <look type="218" head="20" body="30" legs="40" feet="50" corpse="6057"/>
  <targetchange interval="5000" chance="8"/>
  <strategy attack="100" defense="0"/>
  <flags>
    <flag summonable="1"/>
    <flag attackable="1"/>
    <flag hostile="1"/>
    <flag illusionable="1"/>
    <flag convinceable="1"/>
    <flag pushable="0"/>
    <flag canpushitems="1"/>
    <flag canpushcreatures="1"/>
    <flag targetdistance="1"/>
    <flag staticattack="90"/>
    <flag runonhealth="0"/>
  </flags>
  <attacks>
    <attack name="melee" interval="2000" skill="46" attack="37"/>
  </attacks>
  <defenses armor="13" defense="21"/>
    <elements>
    <element energyPercent="20"/>
	<element icePercent="20"/>
	<element firePercent="-10"/>
	<element earthPercent="-10"/>
	<element deathPercent="-5"/>
  </elements>
  <immunities>
    <immunity physical="0"/>
    <immunity energy="0"/>
    <immunity fire="0"/>
    <immunity poison="0"/>
    <immunity lifedrain="0"/>
    <immunity paralyze="0"/>
    <immunity outfit="0"/>
    <immunity drunk="0"/>
    <immunity invisible="0"/>
  </immunities>
  <voices interval="5000" chance="10">
    <voice sentence="CRAAAHHH!"/>
    <voice sentence="Gruuuh Gruuuh."/>
    <voice sentence="Carrah Carrah!"/>
  </voices>
  <loot>
    <item id="3976" countmax="10" chance1="50000" chancemax="0"/>
    <item id="2148" countmax="20" chance1="100000" chancemax="0"/>
    <item id="2406" chance="33333"/>
    <item id="2209" chance="2000"/>
    <item id="2463" chance="3000"/>
    <item id="2490" chance="4000"/>
    <item id="2129" chance="6666"/>
    <item id="2666" countmax="3" chance1="33333" chancemax="0"/>
    <item id="3976" countmax="10" chance1="50000" chancemax="0"/>
    <item id="3976" countmax="10" chance1="30000" chancemax="0"/>
    <item id="1987" chance="100000">
      <inside>
        <item id="2513" chance="2500"/>
        <item id="2511" chance="2857"/>
        <item id="2381" chance="5000"/>
        <item id="3970" chance="500"/>
        <item id="2148" countmax="10" chance1="20000" chancemax="0"/>
        <item id="2671" countmax="3" chance1="33333" chancemax="0"/>
      </inside>
    </item>
  </loot>
</monster>
