﻿<?xml version="1.0" encoding="UTF-8"?>
<monster name="dark apprentice" nameDescription="a dark apprentice" race="blood" experience="100" speed="220" manacost="0">
  <health now="225" max="225"/>
  <look type="133" head="39" body="0" legs="19" feet="20" addons="1" corpse="3058"/>
  <targetchange interval="5000" chance="8"/>
  <strategy attack="100" defense="0"/>
  <flags>
    <flag summonable="0"/>
    <flag attackable="1"/>
    <flag hostile="1"/>
    <flag illusionable="0"/>
    <flag convinceable="0"/>
    <flag pushable="0"/>
    <flag canpushitems="1"/>
    <flag canpushcreatures="0"/>
    <flag targetdistance="4"/>
    <flag staticattack="90"/>
    <flag runonhealth="0"/>
  </flags>
  <attacks>
    <attack name="melee" interval="2000" skill="25" attack="20"/>
    <attack name="energy" interval="1000" chance="15" range="7" min="-15" max="-25">
      <attribute key="shootEffect" value="energy"/>
    </attack>
	<attack name="fire" interval="1000" chance="15" range="7" min="-15" max="-25">
      <attribute key="shootEffect" value="fire"/>
    </attack>
	 <attack name="melee" interval="1000" chance="15" range="7" min="-5" max="-25">
      <attribute key="shootEffect" value="smallstone"/>
    </attack>
    <attack name="outfit" interval="1000" chance="10" range="7" monster="cyclops" duration="6000">
      <attribute key="areaEffect" value="greenshimmer"/>
    </attack>
	<attack name="outfit" interval="2000" chance="15" range="7" target="1" radius="3" item="2551" duration="6000">
      <attribute key="areaEffect" value="greenshimmer"/>
    </attack>
  </attacks>
  <defenses armor="10" defense="19">
    <defense name="healing" interval="1000" chance="13" min="15" max="35">
      <attribute key="areaEffect" value="blueshimmer"/>
    </defense>
  </defenses>
  <elements>
  <element deathPercent="-10"/>
  </elements>
  <immunities>
    <immunity invisible="1"/>
  </immunities>
  <voices interval="5000" chance="10">
    <voice sentence="Outch!"/>
    <voice sentence="I must dispose of my masters enemies!"/>
    <voice sentence="Oops, I did it again."/>
    <voice sentence="From the spirits that I called Sir, deliver me!"/>
  </voices>
  <loot>
    <item id="2148" countmax="50" chance1="100000" chancemax="0"/> --gps
	<item id="7620" chance="2000"/> --mana potion
	<item id="1987" chance="100000">
		<inside>
			<item id="5934" chance="50000"/> --dead frog
			<item id="2260" chance="30000"/> --blank rune
			<item id="2260" chance="20000"/> --blank rune
			<item id="2260" chance="20000"/> --blank rune
			<item id="7620" chance="1800"/> --mana potion
			<item id="2188" chance="2500"/> --wand of decay
		</inside>
	</item>
  </loot>
</monster>

