<?xml version="1.0" encoding="UTF-8"?>
<monster name="dharalion" nameDescription="Dharalion" race="blood" experience="1200" speed="240" manacost="0">
  <health now="1200" max="1200"/>
  <look type="203" head="20" body="30" legs="40" feet="50" corpse="6011"/>
  <targetchange interval="5000" chance="8"/>
  <strategy attack="100" defense="0"/>
  <flags>
    <flag summonable="0"/>
    <flag attackable="1"/>
    <flag hostile="1"/>
    <flag illusionable="0"/>
    <flag convinceable="0"/>
    <flag pushable="0"/>
    <flag canpushitems="1"/>
    <flag canpushcreatures="1"/>
    <flag targetdistance="4"/>
    <flag staticattack="90"/>
    <flag runonhealth="0"/>
  </flags>
  <attacks>
    <attack name="melee" interval="2000" skill="30" attack="28"/>
    <attack name="manadrain" interval="1000" chance="15" range="7" min="-30" max="-60"/>
    <attack name="energy" interval="1000" chance="13" range="7" min="-70" max="-90">
      <attribute key="shootEffect" value="energy"/>
      <attribute key="areaEffect" value="energy"/>
    </attack>
    <attack name="physical" interval="1000" chance="10" range="7" min="-130" max="-150">
      <attribute key="shootEffect" value="suddendeath"/>
    </attack>
    <attack name="strength" interval="1000" chance="13" range="7">
      <attribute key="shootEffect" value="poison"/>
      <attribute key="areaEffect" value="poison"/>
    </attack>
  </attacks>
  <defenses armor="15" defense="25">
    <defense name="healing" interval="1000" chance="20" min="90" max="120">
      <attribute key="areaEffect" value="blueshimmer"/>
    </defense>
    <defense name="speed" interval="1000" chance="7" speedchange="300" duration="10000">
      <attribute key="areaEffect" value="redshimmer"/>
    </defense>
  </defenses>
  <immunities>
    <immunity physical="0"/>
    <immunity energy="0"/>
    <immunity fire="1"/>
    <immunity poison="1"/>
    <immunity lifedrain="1"/>
    <immunity paralyze="0"/>
    <immunity outfit="1"/>
    <immunity drunk="1"/>
    <immunity invisible="1"/>
  </immunities>
  <summons maxSummons="2">
    <summon name="demon skeleton" interval="1000" chance="6" max="2"/>
  </summons>
  <voices interval="5000" chance="10">
    <voice sentence="You desecrated this temple!"/>
    <voice sentence="Noone will stop my ascension!"/>
    <voice sentence="My powers are divine!"/>
    <voice sentence="Muahahaha!"/>
  </voices>
  <loot>
    <item id="2148" countmax="20" chance1="100000" chancemax="0"/>
    <item id="1949" chance="10000"/>
    <item id="2578" chance="5000"/>
    <item id="2260" chance="4000"/>
    <item id="2401" chance="3000"/>
    <item id="2642" chance="20000"/>
    <item id="2682" chance="6666"/>
    <item id="2802" countmax="1" chance1="10000" chancemax="0"/>
    <item id="2600" chance="33333"/>
    <item id="2177" chance="2857"/>
    <item id="2689" countmax="3" chance1="20000" chancemax="0"/>
    <item id="3976" countmax="10" chance1="50000" chancemax="0"/>
    <item id="1987" chance="100000">
      <inside>
        <item id="2652" chance="5000"/>
        <item id="2544" countmax="10" chance1="20000" chancemax="0"/>
        <item id="2456" chance="10000"/>
        <item id="2032" chance="4000"/>
        <item id="2062" chance="2857"/>
        <item id="2125" chance="1818"/>
        <item id="2154" chance="1333"/>
      </inside>
    </item>
  </loot>
</monster>
