﻿<?xml version="1.0" encoding="UTF-8"?>
<monster name="acolyte Of The Cult" nameDescription="an acolyte of the cult" race="blood" experience="300" speed="230" manacost="0">
  <health now="390" max="390"/>
  <look type="194" head="114" body="121" legs="121" feet="57" corpse="6080"/>
  <targetchange interval="5000" chance="8"/>
  <strategy attack="100" defense="0"/>
  <flags>
    <flag summonable="0"/>
    <flag attackable="1"/>
    <flag hostile="1"/>
    <flag illusionable="0"/>
    <flag convinceable="0"/>
    <flag pushable="0"/>
    <flag canpushitems="1"/>
    <flag canpushcreatures="0"/>
    <flag staticattack="90"/>
    <flag targetdistance="5"/>
    <flag runonhealth="0"/>
  </flags>
<attacks>
    <attack name="melee" interval="2000" min="50" max="105" poison="150"/>
    <attack name="lifedrain" interval="3000" chance="17" range="7" radius="1" target="1" min="-10" max="-100">
      <attribute key="areaEffect" value="redshimmer"/>
    </attack>
    <attack name="poison" interval="2000" chance="17" range="7" radius="1" target="1" min="-50" max="-185">
      <attribute key="areaEffect" value="poison"/>
    </attack>
    <attack name="drunk" interval="1000" chance="15" range="7" radius="1" target="1">
      <attribute key="areaEffect" value="redshimmer"/>
    </attack>
</attacks>
  <defenses armor="10" defense="20">
	    <defense name="healing" interval="1000" chance="25" min="30" max="50">
      <attribute key="areaEffect" value="blueshimmer"/>
    </defense>
  </defenses>
  <immunities>
    <immunity physical="0"/>
    <immunity energy="0"/>
    <immunity fire="1"/>
    <immunity poison="1"/>
    <immunity lifedrain="0"/>
    <immunity paralyze="0"/>
    <immunity outfit="0"/>
    <immunity drunk="0"/>
    <immunity invisible="0"/>
  </immunities>
  <summons maxSummons="2">
    <summon name="Skeleton" interval="2000" chance="10000"/>
  </summons>
  <voices interval="5000" chance="10">
    <voice sentence="Praise voodoo!"/>
  </voices>
  <loot>
    <item id="2148" countmax="54" chance1="40000" chancemax="954"/>
    <item id="2149" countmax="1" chance1="2000" chancemax="0"/>
    <item id="2201" chance="1793"/>
    <item id="6087" chance="1428"/>
    <item id="2394" chance="3333"/>
    <item id="2169" chance="1000"/>
    <item id="1987" chance="100000">
      <inside>
        <item id="2181" chance="1333" /> -- quagmire rod
        <item id="2168" chance="1428"/>
        <item id="5810" chance="555"/>
        <item id="2652" chance="1666"/>
        <item id="5801" chance="909"/>
      </inside>
    </item>
  </loot>
</monster>
