﻿<?xml version="1.0" encoding="UTF-8"?>
<monster name="adept of the cult" nameDescription="an adept of the cult" race="blood" experience="400" speed="210" manacost="0">
  <health now="430" max="430"/>
  <look type="194" head="114" body="94" legs="94" feet="57" corpse="6080"/>
  <targetchange interval="5000" chance="8"/>
  <strategy attack="100" defense="0"/>
  <flags>
    <flag summonable="0"/>
    <flag attackable="1"/>
    <flag hostile="1"/>
    <flag illusionable="0"/>
    <flag convinceable="0"/>
    <flag pushable="0"/>
    <flag canpushitems="1"/>
    <flag canpushcreatures="0"/>
    <flag staticattack="90"/>
    <flag targetdistance="4"/>
    <flag runonhealth="0"/>
  </flags>
<attacks>
    <attack name="melee" interval="2000" skill="40" attack="40"/>

    <attack name="lifedrain" interval="2000" chance="34" radius="1" target="0" min="-50" max="-250">
      <attribute key="areaEffect" value="poison"/>
    </attack>

    <attack name="drunk" interval="1000" chance="15" range="7" radius="1" target="1">
      <attribute key="areaEffect" value="redshimmer"/>
    </attack>
</attacks>
  <defenses armor="20" defense="20">
    <defense name="healing" interval="1000" chance="25" min="50" max="70">
      <attribute key="areaEffect" value="blueshimmer"/>
    </defense>
    <defense name="invisible" interval="3000" chance="15" duration="4000">
      <attribute key="areaEffect" value="blueshimmer"/>
    </defense>
  </defenses>
  <immunities>
    <immunity physical="0"/>
    <immunity energy="0"/>
    <immunity fire="1"/>
    <immunity poison="1"/>
    <immunity lifedrain="0"/>
    <immunity paralyze="0"/>
    <immunity outfit="0"/>
    <immunity drunk="0"/>
    <immunity invisible="0"/>
  </immunities>
  <summons maxSummons="2">
    <summon name="Ghoul" interval="2000" chance="10000"/>
  </summons>
  <loot>
    <item id="2148" countmax="47" chance1="100000" chancemax="0"/>
    <item id="2147" countmax="2" chance1="4000" chancemax="0"/>
    <item id="2169" chance="1000"/>
    <item id="2169" chance="2222"/>
    <item id="2423" chance="3333"/>
    <item id="2655" chance="1428"/>
    <item id="7451" chance="828"/>
    <item id="1987" chance="100000">
      <inside>
        <item id="5810" chance="555"/>
        <item id="7426" chance="933"/>
        <item id="6087" chance="1428"/>
        <item id="5801" chance="909"/>
        <item id="2183" chance="1000" /> -- tempest rod
      </inside>
    </item>
  </loot>
</monster>
