﻿<?xml version="1.0" encoding="UTF-8"?>
<monster name="Grandfather Tridian" nameDescription="the grand father tridian" race="undead" experience="1400" speed="245" manacost="0">
  <health now="1800" max="1800"/>
  <look type="193" head="0" body="0" legs="0" feet="0" corpse="6080"/>
  <targetchange interval="5000" chance="8"/>
  <strategy attack="100" defense="0"/>
  <flags>
    <flag summonable="0"/>
    <flag attackable="1"/>
    <flag hostile="1"/>
    <flag illusionable="0"/>
    <flag convinceable="0"/>
    <flag pushable="0"/>
    <flag canpushitems="1"/>
    <flag canpushcreatures="1"/>
    <flag staticattack="90"/>
    <flag targetdistance="5"/>
    <flag runonhealth="0"/>
  </flags>
  <attacks>
    <attack name="melee" interval="2000" skill="40" attack="35"/>

    <attack name="lifedrain" interval="3000" chance="20" range="7" radius="4" target="1" min="-168" max="-370">
		<attribute key="areaEffect" value="holyarea"/>
		<attribute key="shootEffect" value="holy"/>
    </attack>

    <attack name="lifedrain" interval="1000" chance="13" range="7" radius="1" target="1" min="0" max="-80">
		<attribute key="areaEffect" value="redshimmer"/>
    </attack>

  </attacks>

  <defenses armor="25" defense="20">
    <defense name="invisible" interval="2000" chance="15" duration="6000">
      <attribute key="areaEffect" value="blueshimmer"/>
    </defense>
	<defense name="healing" interval="3000" chance="15" min="90" max="230">
		<attribute key="areaEffect" value="holydamage"/>
	</defense>
  </defenses>

  <immunities>
    <immunity paralyze="1"/>
    <immunity invisible="1"/>
  </immunities>

  <summons maxSummons="2">
    <summon name="Crypt Shambler" interval="2000" chance="20"/>
    <summon name="Ghost" interval="2000" chance="30"/>
  </summons>

  <loot>
    <item id="2148" countmax="80" chance1="90000" chancemax="45000"/> --Gold
    <item id="2187" chance="5000" /> -- wand of Inferno
    <item id="2656" chance="400"/>
    <item id="1987" chance="100000">
      <inside>
        <item id="2114" chance="1333"/>
        <item id="6087" chance="1428"/>
        <item id="5810" chance="555"/>
        <item id="2789" countmax="8" chance1="4500" chancemax="0"/>
        <item id="2436" chance="15000"/> --Skull Staff
        <item id="5669" chance="4000"/> --Misteryous voodoo
		<item id="8922" chance="13000"/> --Wand of voodoo
      </inside>
    </item>
  </loot>

</monster>
