﻿<?xml version="1.0" encoding="UTF-8"?>
<monster name="Barbarian Bloodwalker" nameDescription="a barbarian bloodwalker" race="blood" experience="195" speed="205" manacost="590">
  <health now="305" max="305"/>
  <look type="255" head="114" body="132" legs="132" feet="132" corpse="6080"/>
  <targetchange interval="2000" chance="5"/>
  <strategy attack="100" defense="0"/>
  <flags>
    <flag summonable="0"/>
    <flag attackable="1"/>
    <flag hostile="1"/>
    <flag illusionable="1"/>
    <flag convinceable="1"/>
    <flag pushable="0"/>
    <flag canpushitems="1"/>
    <flag staticattack="80"/>
    <flag lightlevel="0"/>
    <flag lightcolor="0"/>
    <flag targetdistance="1"/>
    <flag runonhealth="0"/>
  </flags>
  <attacks>
    <attack name="melee" interval="2000" min="-60" max="-170"/>
  </attacks>
  <defenses armor="15" defense="15">
    <defense name="speed" interval="1000" chance="12" speedchange="260" duration="40000">
      <attribute key="areaEffect" value="redshimmer"/>
    </defense>
  </defenses>
  <elements>
  <element physicalPercent="5"/>
  <element icePercent="50"/>
  <element holyPerent="10"/>
  <element energyPercent="20"/>
  <element earthPercent="-10"/>
  <element deathPercent="-5"/>
  </elements>
  <immunities>
    <immunity drunk="1"/>
    <immunity invisible="1"/>
  </immunities>
  <voices interval="2000" chance="20">
    <voice sentence="YAAAHEEE!"/>
    <voice sentence="SLAUGHTER!"/>
    <voice sentence="CARNAGE!"/>
  </voices>
  <loot>
    <item id="2148" countmax="71" chance1="100000" chancemax="0"/> --Gold Coins
    <item id="2671" countmax="1" chance1="33000" chancemax="0"/> --Ham
    <item id="2381" chance="2777"/> --Halberd
    <item id="2378" chance="2888"/> --Battle Axe
    <item id="1987" chance="100000"> --Bag
        <inside>
           <item id="2458" chance="7999"/> --Chain Helmet
           <item id="2050" chance="11111"/> --Torch
           <item id="2464" chance="4444"/> --Chain Armor
           <item id="7457" chance="1222"/> --Fur Boots
           <item id="5911" countmax="1" chance1="4555" chancemax="0"/> --Red Piece of Cloth
           <item id="7290" countmax="1" chance1="3222" chancemax="0"/> --Shard
           <item id="3962" chance="1688"/> --Beastslayer Axe
        </inside>
     </item>
  </loot>
</monster>