﻿<?xml version="1.0" encoding="UTF-8"?>
  <monster name="Barbarian Skullhunter" tp="1" nameDescription="a Skullhunter" race="blood" experience="85" speed="270" manacost="0">
    <health now="135" max="135"/>
  <look type="254" head="0" body="77" legs="77" feet="114" corpse="6080"/>
    <targetchange interval="60000" chance="0"/>
    <strategy attack="100" defense="0"/>
    <flags>
      <flag summonable="0"/>
      <flag attackable="1"/>
      <flag hostile="1"/>
      <flag illusionable="0"/>
      <flag convinceable="0"/>
      <flag pushable="0"/>
      <flag canpushitems="1"/>
      <flag staticattack="70"/>
      <flag lightlevel="0"/>
      <flag lightcolor="0"/>
      <flag targetdistance="1"/>
      <flag runonhealth="0"/>
    </flags>
    <attacks>
      <attack name="melee" interval="2000" min="-30" max="-80" />
    </attacks>
    <defenses armor="30" defense="30">
    </defenses>
	  <elements>
  <element physicalPercent="5"/>
  <element icePercent="50"/>
  <element holyPerent="10"/>
  <element energyPercent="20"/>
  <element earthPercent="-10"/>
  <element deathPercent="-5"/>
  </elements>
    <immunities>
      <immunity drunk="1"/>
      <immunity paralyze="1"/>
    </immunities>
    <voices interval="2000" chance="5">
      <voice sentence="You will become my trophy."/>
      <voice sentence="Fight harder, coward."/>
      <voice sentence="Show that you are a worthy opponent."/>
    </voices>
    <loot>
      <item id="2148" countmax="30" chance1="33333" chancemax="30"/>
      <item id="2403" chance="10000"/>
      <item id="2460" chance="10000"/>
      <item id="2050" chance="10000"/>
      <item id="2168" chance="333"/>
      <item id="7462" chance="900"/>
      <item id="7449" chance="100"/>
    </loot>
  </monster>
